repo,doi,pmid,grant_funded,funding_sources,num_linked_grants,num_developer_grants,num_collaborator_grants,developer_project_nums,developer_core_nums,developer_orgs,developer_org_states,developer_agencies,developer_cost_by_currency,developer_cost_usd,all_org_names,all_agencies,total_cost_by_currency,total_cost_usd,earliest_project_start,latest_project_end,note
3dcitydb/3dcitydb,10.1186/s40965-018-0046-7,,False,,0,0,0,,,,,,,,,,,,,,PMID not found and no local snapshot grants
3DTune-In/3dti_AudioToolkit,10.1371/journal.pone.0211899,30856198,True,Other,2,2,0,644051; Horizon 2020,,,,Other,EUR:2896175,,,Other,EUR:2896175,,2015-05-01 00:00:00,2018-04-30 00:00:00,Not in NIH RePORTER (non-NIH funder via local snapshot)
4paradigm/OpenMLDB,10.1145/3722212.3724446,,False,,0,0,0,,,,,,,,,,,,,,PMID not found and no local snapshot grants
a16z/jolt,10.1007/978-3-031-58751-1_1,,False,,0,0,0,,,,,,,,,,,,,,PMID not found and no local snapshot grants
Aalto-CFD/DLBFoam,10.1016/j.cpc.2021.108073,,True,Other,1,1,0,318024,,,,Other,,,,Other,,,,,OK
abel-research/ampscan,10.21105/joss.02060,,True,Other,5,1,4,EP/M000303/1,,,,Other,GBP:142773,,,Other,GBP:6479423,,2014-06-22 00:00:00,2021-11-30 00:00:00,OK
adevaucorbeil/karamelo,10.1007/s40571-020-00369-8,,False,,0,0,0,,,,,,,,,,,,,,PMID not found and no local snapshot grants
AdrienGuille/SONDY,10.1145/2463676.2463694,,False,,0,0,0,,,,,,,,,,,,,,PMID not found and no local snapshot grants
ADVRHumanoids/OpenSoT,10.1109/MRA.2024.3487395,,False,,0,0,0,,,,,,,,,,,,,,PMID not found and no local snapshot grants
agilelion/Open-Kanban,10.15439/2016F509,,False,,0,0,0,,,,,,,,,,,,,,PMID not found and no local snapshot grants
agiresearch/OpenP5,10.1145/3626772.3657883,,False,,0,0,0,,,,,,,,,,,,,,PMID not found and no local snapshot grants
AICAN-Research/FAST-Pathology,10.1109/ACCESS.2021.3072231,,False,,0,0,0,,,,,,,,,,,,,,PMID not found and no local snapshot grants
aidanbudd/bosc2015,10.1371/journal.pcbi.1003972,25654371,True,NIH; Other,7,0,7,,,,,,,,"UNIVERSITY OF CAPE TOWN; JOHNS HOPKINS UNIVERSITY; PENNSYLVANIA STATE UNIVERSITY, THE; EMORY UNIVERSITY",NHGRI; Other,GBP:4389648; USD:4307166,4307166.0,2009-07-01T00:00:00,2027-01-31T00:00:00,OK
AIM-Harvard/pyradiomics,10.1158/0008-5472.CAN-17-0339,29092951,True,NIH,3,1,2,5U01CA190234-05,U01CA190234,DANA-FARBER CANCER INST,MA,NCI,USD:435367,435367.0,DANA-FARBER CANCER INST; BRIGHAM AND WOMEN'S HOSPITAL,NCI; NIBIB,USD:1954109,1954109.0,1998-09-30T00:00:00,2024-06-30T00:00:00,OK
aim-uofa/AdelaiDet,10.1109/TPAMI.2021.3107437,,False,,0,0,0,,,,,,,,,,,,,,PMID not found and no local snapshot grants
aiqm/torchani,10.1021/acs.jcim.5c01853,41105703,True,Other,1,0,1,,,,,,,,,Other,,,,,Not in NIH RePORTER (non-NIH funder via local snapshot)
ajithabhks/sigmt,10.1016/j.cageo.2022.105270,,False,,0,0,0,,,,,,,,,,,,,,PMID not found and no local snapshot grants
alice-sieve/Open-Source,10.1186/s13174-017-0069-9,,True,Other,2,0,2,,,,,,,,University of Limerick (UL),Other,EUR:29440010,,2015-01-01 00:00:00,2023-12-31 00:00:00,OK
Alpha-VLLM/LLaMA2-Accessory,10.1007/978-3-031-73033-7_3,,False,,0,0,0,,,,,,,,,,,,,,PMID not found and no local snapshot grants
AMRC-FactoryPlus/amrc-connectivity-stack,10.1109/IOTSMS62296.2024.10710186,,False,,0,0,0,,,,,,,,,,,,,,PMID not found and no local snapshot grants
andrewboutros/rad-flow,10.1109/ACCESS.2022.3204664,,False,,0,0,0,,,,,,,,,,,,,,PMID not found and no local snapshot grants
andrewlyden/PyPSA-GB,10.1016/j.esr.2024.101375,,True,Other,1,0,1,,,,,,,,,Other,GBP:1445832,,2020-09-30 00:00:00,2024-09-29 00:00:00,OK
aneoconsulting/ArmoniK,10.1109/Cloud-Summit64795.2025.00014,,False,,0,0,0,,,,,,,,,,,,,,PMID not found and no local snapshot grants
Entanglion/entanglion,10.1145/3242671.3242696,,False,,0,0,0,,,,,,,,,,,,,,PMID not found and no local snapshot grants
epigenelabs/inmoose,10.1038/s41598-025-03376-y,40413334,False,,0,0,0,,,,,,,,,,,,,,Not in NIH RePORTER
ertis-research/opentwins,10.1002/spe.3322,,False,,0,0,0,,,,,,,,,,,,,,PMID not found and no local snapshot grants
ESA-PhiLab/PyRawS,10.1109/JSTARS.2024.3418891,,False,,0,0,0,,,,,,,,,,,,,,PMID not found and no local snapshot grants
esdalmaijer/PyGaze,10.3758/s13428-013-0422-2,24258321,False,,0,0,0,,,,,,,,,,,,,,Not in NIH RePORTER
Event-AHU/OpenPAR,10.1109/TIFS.2026.3673132,,False,,0,0,0,,,,,,,,,,,,,,PMID not found and no local snapshot grants
evo-biomech/scAnt,10.7717/peerj.11155,33954036,False,,0,0,0,,,,,,,,,,,,,,Not in NIH RePORTER
facebookresearch/AudioDec,10.1109/ICASSP49357.2023.10096509,,False,,0,0,0,,,,,,,,,,,,,,PMID not found and no local snapshot grants
facebookresearch/Generic-Grouping,10.1109/CVPR52688.2022.00438,,False,,0,0,0,,,,,,,,,,,,,,PMID not found and no local snapshot grants
facebookresearch/mvdust3r,10.1109/CVPR52734.2025.00498,,False,,0,0,0,,,,,,,,,,,,,,PMID not found and no local snapshot grants
facebookresearch/nonrigid_nerf,10.1109/ICCV48922.2021.01272,,False,,0,0,0,,,,,,,,,,,,,,PMID not found and no local snapshot grants
fangwei123456/spikingjelly,10.1126/sciadv.adi1480,37801497,True,Other,6,6,0,PCL2021A13; 61825101; 62088102; 62236009; 62176003; 62027804,,,,Other,,,,Other,,,,,Not in NIH RePORTER (non-NIH funder via local snapshot)
felixleopoldo/benchpress,10.18637/jss.v114.i12,,False,,0,0,0,,,,,,,,,,,,,,PMID not found and no local snapshot grants
FH-Potsdam/digenti-apps,10.1515/icom-2017-0027,,False,,0,0,0,,,,,,,,,,,,,,PMID not found and no local snapshot grants
fire2a/C2FSB,10.3389/ffgc.2023.1071484,,True,Other,7,3,4,PID2020; PID2020-120355RB-I00; Horizon 2020,,,,Other,,,UNIVERSIDAD DE CHILE; CONSORCI CENTRE DE CIENCIA I TECNOLOGIA FORESTAL DE CATALUNYA,Other,EUR:22108927; CLP:280184,,2020-01-01 00:00:00,2026-06-30 00:00:00,OK
fkie-cad/socbed,10.1145/3485832.3488020,,False,,0,0,0,,,,,,,,,,,,,,PMID not found and no local snapshot grants
FrangakisLab/ArtiaX,10.1101/2022.07.26.501574,,True,NIH,1,1,0,R01-GM129325,,,,NIH,,,,NIH,,,,,OK
franpoz/SHERLOCK,10.1093/mnras/stae1740,,True,Other,7,6,1,PID2019; 501100011033; AEI/10; 13039/501100011033; 13039; CEX2021-001131,,,,Other,,,,Other,,,,,OK
free5G/free5GRAN,10.1109/VTC2021-Spring51267.2021.9448964,,False,,0,0,0,,,,,,,,,,,,,,PMID not found and no local snapshot grants
freeCodeCamp/how-to-contribute-to-open-source,10.1371/journal.pcbi.1007296,31513567,False,,0,0,0,,,,,,,,,,,,,,Not in NIH RePORTER
FreeCT/FreeCT,10.1118/1.4941953,26936725,True,NIH; Other,3,0,3,,,,,,,,UNIVERSITY OF CALIFORNIA LOS ANGELES,NCI; Other,USD:404160,404160.0,2014-05-01T00:00:00,2018-04-30T00:00:00,OK
freqtrade/freqtrade,10.21105/joss.04864,,False,,0,0,0,,,,,,,,,,,,,,PMID not found and no local snapshot grants
fzi-forschungszentrum-informatik/TSInterpret,10.21105/joss.05220,,False,,0,0,0,,,,,,,,,,,,,,PMID not found and no local snapshot grants
GabrielF98/GRBSNWebtool,10.1016/j.ascom.2025.100954,,True,Other,1,1,0,GOIPG/2022/1008,,,,Other,,,,Other,,,,,OK
GazzolaLab/PyElastica,10.1038/s41467-019-12759-5,31645555,True,NSF; Other,14,12,2,"1830881; OCI-0725070; 2019-67021-28989; USDA #2019-67021-28989; MURI N00014-19-1-2373; ACI-1238993; OCI-0725070, ACI-1238993; N00014-19-1-2373; CAREER #1846752; N00014; EFRI C3 SoRo #1830881; CAREER",,University of Illinois at Urbana-Champaign,,NSF; Other,USD:2000000,2000000.0,University of Illinois at Urbana-Champaign,NSF; Other,USD:374947757,374947757.0,2007-10-01 00:00:00,2025-08-31 00:00:00,Not in NIH RePORTER (non-NIH funder via local snapshot)
geezacoleman/OpenWeedLocator,10.1038/s41598-021-03858-9,34996963,False,,0,0,0,,,,,,,,,,,,,,Not in NIH RePORTER
GeoscienceAustralia/dea-notebooks,10.26186/145234,,False,,0,0,0,,,,,,,,,,,,,,PMID not found and no local snapshot grants
GeoscienceAustralia/ginan,10.33012/2024.19598,,False,,0,0,0,,,,,,,,,,,,,,PMID not found and no local snapshot grants
germinateplatform/germinate,10.2135/cropsci2016.09.0814,,True,Other,1,1,0,BBS/OS/NW/000016,,,,Other,,,,Other,,,,,OK
germinateplatform/germinate-vue,10.1002/csc2.20248,,False,,0,0,0,,,,,,,,,,,,,,PMID not found and no local snapshot grants
GFZ/arosics,10.3390/rs9070676,,False,,0,0,0,,,,,,,,,,,,,,PMID not found and no local snapshot grants
ghammad/pyActigraphy,10.1371/journal.pcbi.1009514,34665807,True,Other,3,1,2,T.0220.20,,,,Other,,,University of Liège,Other,EUR:1499125,,2018-01-01 00:00:00,2023-06-30 00:00:00,Not in NIH RePORTER (non-NIH funder via local snapshot)
Ghostish/Open3DSOT,10.1109/TPAMI.2023.3324372,,False,,0,0,0,,,,,,,,,,,,,,PMID not found and no local snapshot grants
gift-surg/GIFT-Grab,10.5334/jors.169,,False,,0,0,0,,,,,,,,,,,,,,PMID not found and no local snapshot grants
Glasgow-ICG/open-optical-gating,10.1038/s41467-019-13112-6,31729395,True,Other,11,8,3,RE/08/001; RG130249; 3376798; MR/K013386/1; RSE58915; NH/14/2/31074; K013386; RG13024,,University of Glasgow,,Other,GBP:162279,,University of Edinburgh; University of Glasgow,Other,GBP:10220324,,2015-03-31 00:00:00,2021-09-29 00:00:00,Not in NIH RePORTER (non-NIH funder via local snapshot)
Glasgow-ICG/optical-gating-alignment,10.1038/s41467-019-13112-6,31729395,True,Other,11,7,4,RE/08/001; RG130249; MR/K013386/1; RSE58915; NH/14/2/31074; K013386; RG13024,,University of Glasgow,,Other,GBP:162279,,University of Edinburgh; University of Glasgow,Other,GBP:10220324,,2015-03-31 00:00:00,2021-09-29 00:00:00,Not in NIH RePORTER (non-NIH funder via local snapshot)
gnss-sdr/gnss-sdr,10.1109/ACCESS.2018.2822835,,False,,0,0,0,,,,,,,,,,,,,,PMID not found and no local snapshot grants
googlegenomics/htsget,10.1093/bioinformatics/bty492,29931085,True,Other,2,2,0,100956/Z/13/Z; 201535/Z/16/Z,,,,Other,,,,Other,,,,,Not in NIH RePORTER (non-NIH funder via local snapshot)
gotec/git2net,10.1007/s10664-020-09928-2,34720670,True,NSF,1,0,1,,,,,,,,,NSF,,,,,Not in NIH RePORTER (non-NIH funder via local snapshot)
gprMax/gprMax,10.1016/j.cpc.2016.08.020,,True,Other,1,0,1,,,,,,,,,Other,GBP:345605,,2011-09-30 00:00:00,2016-09-29 00:00:00,OK
GreycLab/gmic,10.21105/joss.06618,,False,,0,0,0,,,,,,,,,,,,,,PMID not found and no local snapshot grants
griffithlab/civic-v2,10.1038/ng.3774,28138153,True,NIH; Other,12,4,8,3U01CA209936-03S1; 5R00HG007940-05; 5K99HG007940-02; 5K22CA188163-03,U01CA209936; R00HG007940; K99HG007940; K22CA188163,WASHINGTON UNIVERSITY,MO,NCI; NHGRI,USD:515717,515717.0,"WASHINGTON UNIVERSITY; SCRIPPS RESEARCH INSTITUTE, THE",NHGRI; NCI; NIGMS; Other,USD:2122944,2122944.0,2003-11-10T00:00:00,2028-08-31T00:00:00,OK
grycap/oscar,10.1007/s10723-021-09570-2,34276264,True,Other,3,2,1,IDIFEDER/2018/032; H2020,,,,Other,,,POLITECNICO DI MILANO,Other,EUR:4997750,,2021-01-01 00:00:00,2023-12-31 00:00:00,Not in NIH RePORTER (non-NIH funder via local snapshot)
gvwilson/10-newcomers,10.1371/journal.pcbi.1007296,31513567,False,,0,0,0,,,,,,,,,,,,,,Not in NIH RePORTER
gwkokab/gwkokab,10.1103/krnm-3vrf,,True,NSF,4,0,4,,,,,,,,,NSF,,,,,OK
HamishGBrown/MuSTEM,10.1016/j.ultramic.2014.10.011,25467859,False,,0,0,0,,,,,,,,,,,,,,Not in NIH RePORTER
hande-qmc/hande,10.1021/acs.jctc.8b01217,30681844,True,Other,16,10,6,EP/G036888; NA 0002911; EP/K038141/1; Contract No. DE-AC52-07NA27344; DE-AC52-07NA27344; TYC-101; UF160398; 0002911; uf110161; 1502865,,,,Other,GBP:212517,,,Other,GBP:11175800,,2009-09-30 00:00:00,2023-03-30 00:00:00,Not in NIH RePORTER (non-NIH funder via local snapshot)
haydengunraj/COVIDNet-CT,10.3389/fmed.2021.729287,35360446,False,,0,0,0,,,,,,,,,,,,,,Not in NIH RePORTER
healthysustainablecities/global-indicators,10.25439/rmt.24760260,,True,Other,3,1,2,205177/Z/16/Z,,,,Other,,,University of Melbourne,Other,AUD:851980,,2013-01-01 00:00:00,2020-12-31 00:00:00,OK
heid-lab/chemtorch,10.1021/acs.jcim.5c02645,41735237,True,Other,1,0,1,,,,,,,,TECHNISCHE UNIVERSITAET WIEN,Other,EUR:1499285,,2024-10-01 00:00:00,2029-09-30 00:00:00,Not in NIH RePORTER (non-NIH funder via local snapshot)
HelgeGehring/gdshelpers,10.1364/OSAC.2.003091,,False,,0,0,0,,,,,,,,,,,,,,PMID not found and no local snapshot grants
HGX-Team/hypergraphx,10.1093/comnet/cnad019,,True,Other,1,0,1,,,,,,,,,Other,,,,,OK
hidet-org/hidet,10.1145/3575693.3575702,,False,,0,0,0,,,,,,,,,,,,,,PMID not found and no local snapshot grants
HKUST-Aerial-Robotics/DenseSurfelMapping,10.1109/icra.2019.8794101,,False,,0,0,0,,,,,,,,,,,,,,PMID not found and no local snapshot grants
hkust-zhiyao/RTLLM,10.1109/ASP-DAC58780.2024.10473904,,False,,0,0,0,,,,,,,,,,,,,,PMID not found and no local snapshot grants
hofbi/telecarla,10.1109/iv47402.2020.9304676,,False,,0,0,0,,,,,,,,,,,,,,PMID not found and no local snapshot grants
hpcn-uam/Limago,10.1109/RECONFIG.2018.8641729,,False,,0,0,0,,,,,,,,,,,,,,PMID not found and no local snapshot grants
hpi-xnor/BMXNet,10.1145/3123266.3129393,,False,,0,0,0,,,,,,,,,,,,,,PMID not found and no local snapshot grants
hta-pharma/maicplus,10.1016/j.jval.2023.09.2992,,False,,0,0,0,,,,,,,,,,,,,,PMID not found and no local snapshot grants
HybridRobotics/cbf,10.1109/ICRA46639.2022.9812334,,False,,0,0,0,,,,,,,,,,,,,,PMID not found and no local snapshot grants
ianarawjo/ChainForge,10.1145/3613904.3642016,,False,,0,0,0,,,,,,,,,,,,,,PMID not found and no local snapshot grants
iandouglas96/asoom_oss,10.1109/LRA.2022.3191165,,False,,0,0,0,,,,,,,,,,,,,,PMID not found and no local snapshot grants
IBM/UQ360,10.1145/3493700.3493767,,False,,0,0,0,,,,,,,,,,,,,,PMID not found and no local snapshot grants
IFCA-Advanced-Computing/frouros,10.1016/j.softx.2024.101733,,True,Other,2,1,1,MDM-2017-0765,,,,Other,,,AGENCIA ESTATAL CONSEJO SUPERIOR DE INVESTIGACIONES CIENTIFICAS,Other,EUR:4997125,,2022-09-01 00:00:00,2025-08-31 00:00:00,OK
IFL-CAMP/supra,10.1007/s11548-018-1750-6,29594853,True,Other,1,1,0,688279,,,,Other,,,,Other,,,,,Not in NIH RePORTER (non-NIH funder via local snapshot)
ihp-lab/LibreFace,10.1109/FG67764.2026.11556988,,False,,0,0,0,,,,,,,,,,,,,,PMID not found and no local snapshot grants
industrial-optimization-group/DESDEO,10.1109/ACCESS.2021.3123825,,False,,0,0,0,,,,,,,,,,,,,,PMID not found and no local snapshot grants
INRIA/libpointing,10.1145/2047196.2047276,,False,,0,0,0,,,,,,,,,,,,,,PMID not found and no local snapshot grants
ion-tracks/IonTracks-Cython,10.1118/1.4962483,27782720,False,,0,0,0,,,,,,,,,,,,,,Not in NIH RePORTER
IPNL-POLYU/UrbanNavDataset,10.33012/navi.602,,False,,0,0,0,,,,,,,,,,,,,,PMID not found and no local snapshot grants
IQSS/dataverse,10.1177/0049124107306660,,False,,0,0,0,,,,,,,,,,,,,,PMID not found and no local snapshot grants
isselab/HAnS,10.1145/3748269.3748487,,True,Other,1,0,1,,,,,,,,Ruhr-Universität Bochum,Other,EUR:2198833,,2019-01-01 00:00:00,2019-12-31 00:00:00,OK
JacobBumgarner/VesselVio,10.1016/j.crmeth.2022.100189,35497491,True,NIH,5,0,5,,,,,,,,WEST VIRGINIA UNIVERSITY,NIA; NINDS; NCRR; NIGMS,USD:3333263,3333263.0,2001-09-14T00:00:00,2027-04-30T00:00:00,OK
jaleesr/TrendCatcher,10.1172/jci.insight.157255,35175937,True,NIH; Other,5,1,4,5R01HL149300-04,R01HL149300,UNIVERSITY OF ILLINOIS AT CHICAGO,IL,NHLBI,USD:374745,374745.0,UNIVERSITY OF ILLINOIS AT CHICAGO,NHLBI; Other,USD:865153,865153.0,2018-07-01T00:00:00,2024-06-30T00:00:00,OK
Jammy2211/PyAutoGalaxy,10.21105/joss.04475,,True,Other,19,0,19,,,,,,,,CARDIFF UNIVERSITY; UNIVERSITY OF DURHAM; UNIVERSITY COLLEGE LONDON,Other,GBP:11345765; EUR:4264048,,2011-06-14 00:00:00,2025-09-30 00:00:00,OK
Jammy2211/PyAutoLens,10.21105/joss.02825,,True,Other,30,24,6,ST/T002565/1; ST/V001582/1; ST/P000541; ST/S002502/1; ST/S00033X/1; ST/M006530/1; ST/V002376/1; ST/T001550/1; ST/T001348/1; ST/T001372/1; ST/R001006/1; ST/T000244/1; ST/M007065/1; ST/P002447/1; ST/S003916/1; ST/K00042X/1; ST/R001014/1; ST/P002293/1; ST/M007073/1; ST/S003762/1; ST/M007006/1; ST/M006948/1; ST/R000832/1; ST/V002384/1,,,,Other,GBP:141510,,CARDIFF UNIVERSITY; UNIVERSITY OF DURHAM; UNIVERSITY COLLEGE LONDON,Other,GBP:6125133; EUR:4264048,,2011-06-14 00:00:00,2025-09-30 00:00:00,OK
jannisborn/covid19_ultrasound,10.3390/app11020672,,False,,0,0,0,,,,,,,,,,,,,,PMID not found and no local snapshot grants
JanThorbecke/OpenSource,10.1016/j.cageo.2024.105577,,True,Other,2,1,1,Horizon 2020,,,,Other,,,TECHNISCHE UNIVERSITEIT DELFT,Other,EUR:2499474,,2017-09-01 00:00:00,2023-02-28 00:00:00,OK
jerabaul29/OpenMetBuoy-v2021a,10.3390/geosciences12030110,,False,,0,0,0,,,,,,,,,,,,,,PMID not found and no local snapshot grants
jofmi/agentpy,10.21105/joss.03065,,True,Other,2,0,2,,,,,,,,UNIVERSITAT AUTONOMA DE BARCELONA,Other,EUR:1943924,,2018-01-01 00:00:00,2023-06-30 00:00:00,OK
jonhrafe/MCDC_Simulator_public,10.3389/fninf.2020.00008,32210781,True,Other,2,1,1,175974,,École Polytechnique Fédérale de Lausanne,,Other,CHF:750000,,École Polytechnique Fédérale de Lausanne; University of Zurich – ZH,Other,CHF:1208149,,2017-11-01 00:00:00,2025-12-31 00:00:00,Not in NIH RePORTER (non-NIH funder via local snapshot)
jpdominguez/pyNAVIS,10.1016/j.neucom.2021.03.121,,False,,0,0,0,,,,,,,,,,,,,,PMID not found and no local snapshot grants
jremington/UWB-Indoor-Localization_Arduino,10.1186/s13638-015-0298-1,,False,,0,0,0,,,,,,,,,,,,,,PMID not found and no local snapshot grants
jstmn/ikflow,10.1109/LRA.2022.3181374,,False,,0,0,0,,,,,,,,,,,,,,PMID not found and no local snapshot grants
JuliaControl/ModelPredictiveControl.jl,10.48550/arXiv.2411.09764,,False,,0,0,0,,,,,,,,,,,,,,PMID not found and no local snapshot grants
JuliaRheology/RHEOS.jl,10.21105/joss.01700,,True,Other,5,0,5,,,,,,,,,Other,GBP:1472010,,2013-11-01 00:00:00,2019-10-31 00:00:00,OK
junaidmalik09/fastonn,10.1007/s00521-020-04780-3,,False,,0,0,0,,,,,,,,,,,,,,PMID not found and no local snapshot grants
Jyonn/ONCE,10.1145/3616855.3635845,,False,,0,0,0,,,,,,,,,,,,,,PMID not found and no local snapshot grants
kelu124/echomods,10.5334/joh.2,,False,,0,0,0,,,,,,,,,,,,,,PMID not found and no local snapshot grants
kevinkovalchik/RawTools,10.1021/acs.jproteome.8b00721,30462513,False,,0,0,0,,,,,,,,,,,,,,Not in NIH RePORTER
kineticstoolkit/kineticstoolkit,10.21105/joss.03714,,False,,0,0,0,,,,,,,,,,,,,,PMID not found and no local snapshot grants
KitwareMedical/ITKPOCUS,10.1007/978-3-030-60334-2_3,,False,,0,0,0,,,,,,,,,,,,,,PMID not found and no local snapshot grants
kitzeslab/opensoundscape,10.1111/2041-210X.14196,,False,,0,0,0,,,,,,,,,,,,,,PMID not found and no local snapshot grants
kmansouri/OPERA,10.1186/s13321-018-0263-1,29520515,False,,0,0,0,,,,,,,,,,,,,,Not in NIH RePORTER
kukionfr/VAMPIRE_open,10.1038/s41596-020-00432-x,33424024,True,NIH,5,0,5,,,,,,,,JOHNS HOPKINS UNIVERSITY,NCI; NIA,USD:3401573,3401573.0,2003-06-01T00:00:00,2028-06-30T00:00:00,OK
kylejgillett/sounderpy,10.21105/joss.08087,,False,,0,0,0,,,,,,,,,,,,,,PMID not found and no local snapshot grants
lanl/fiducia,10.1063/5.0002856,32752842,True,Other,4,3,1,89233218CNA000001; DE-NA0003856; DE-FC52-08NA28302,,,,Other,,,,Other,,,,,Not in NIH RePORTER (non-NIH funder via local snapshot)
larq/larq,10.21105/joss.01746,,False,,0,0,0,,,,,,,,,,,,,,PMID not found and no local snapshot grants
LarsonLab/hyperpolarized-mri-toolbox,10.1002/nbm.4280,32189442,True,NIH; Other,8,1,7,3U01EB026412-05S1,U01EB026412,"UNIVERSITY OF CALIFORNIA, SAN FRANCISCO",CA,NIBIB,USD:250000,250000.0,"UNIVERSITY OF CALIFORNIA, SAN FRANCISCO",NCI; NIBIB; Other,USD:4347933,4347933.0,2007-07-01T00:00:00,2030-08-31T00:00:00,OK
lasse2507a/Compressed-Real-Time-Voice-Activity-Detection-with-Open-Source-Implementation-for-Small-Devices,10.1145/3615834.3615835,,False,,0,0,0,,,,,,,,,,,,,,PMID not found and no local snapshot grants
lcpp-org/RustBCA,10.21105/joss.03298,,True,Other,1,0,1,,,,,,,,,Other,,,,,OK
LearnLib/alex,10.1007/978-3-319-47169-3_51,,False,,0,0,0,,,,,,,,,,,,,,PMID not found and no local snapshot grants
LearnLib/automatalib,10.1007/978-3-030-00244-2_15,,False,,0,0,0,,,,,,,,,,,,,,PMID not found and no local snapshot grants
LearnLib/learnlib,10.1007/978-3-031-98685-7_7,,False,,0,0,0,,,,,,,,,,,,,,PMID not found and no local snapshot grants
lefterisloukas/edgar-crawler,10.1145/3701716.3715289,,False,,0,0,0,,,,,,,,,,,,,,PMID not found and no local snapshot grants
LernerLab/GuPPy,10.1038/s41598-021-03626-9,34930955,True,NIH,2,1,1,3DP2MH122401-01S1,DP2MH122401,NORTHWESTERN UNIVERSITY,IL,NIMH,USD:113522,113522.0,NORTHWESTERN UNIVERSITY,NIDA; NIMH,USD:1742297,1742297.0,2018-09-01T00:00:00,2025-06-30T00:00:00,OK
Ligo-Biosciences/AlphaFold3,10.1101/2022.11.20.517210,,False,,0,0,0,,,,,,,,,,,,,,PMID not found and no local snapshot grants
lindawangg/COVID-Net,10.1038/s41598-020-76550-z,33177550,False,,0,0,0,,,,,,,,,,,,,,Not in NIH RePORTER
lintool/warcbase,10.1145/2567948.2579045,,True,Other,1,1,0,IIS-1144034 and IIS-1218043,,,,Other,,,,Other,,,,,OK
LizzyParkerPannell/Untargeted_metabolomics_workflow,10.20944/preprints202302.0056.,,False,,0,0,0,,,,,,,,,,,,,,PMID not found and no local snapshot grants
lnis-uofu/OpenFPGA,10.1109/MM.2020.2995854,,False,,0,0,0,,,,,,,,,,,,,,PMID not found and no local snapshot grants
Loop3D/LoopStructural,10.5194/gmd-14-3915-2021,,True,Other,1,1,0,LP170100985,,Monash University,,Other,AUD:750329,,Monash University,Other,AUD:750329,,2018-01-01 00:00:00,2024-06-30 00:00:00,OK
lulujianjie/person-reid-tiny-baseline,10.1109/CVPRW.2019.00190,,False,,0,0,0,,,,,,,,,,,,,,PMID not found and no local snapshot grants
lxaw/DataDock,10.1007/978-3-031-85856-7_23,,False,,0,0,0,,,,,,,,,,,,,,PMID not found and no local snapshot grants
MaayanLab/Knowledge-Graph-UI,10.1002/cpz1.70200,40956607,True,NIH,5,2,3,3U24CA271114-04S1; 5R01DK131525-05,U24CA271114; R01DK131525,ICAHN SCHOOL OF MEDICINE AT MOUNT SINAI,NY,NCI; NIDDK,USD:782139,782139.0,ICAHN SCHOOL OF MEDICINE AT MOUNT SINAI,NCI; NIDDK; OD,USD:4657057,4657057.0,2020-09-23T00:00:00,2028-09-17T00:00:00,OK
mad-lab-fau/carwatch-python,10.1016/j.psyneuen.2023.106073,36868094,True,Other,2,2,0,ES 434/8-1; SFB 1483 \u2013 Project-ID 442419336,,,,Other,,,,Other,,,,,Not in NIH RePORTER (non-NIH funder via local snapshot)
mahmoodlab/CLAM,10.1038/s41551-020-00682-w,33649564,True,NIH,2,1,1,2R35GM138216-06,R35GM138216,"BROAD INSTITUTE, INC.",MA,NIGMS,USD:275000,275000.0,"HARVARD MEDICAL SCHOOL; BROAD INSTITUTE, INC.",NHGRI; NIGMS,USD:916456,916456.0,2001-09-30T00:00:00,2030-08-31T00:00:00,OK
MannLabs/alphaquant,10.1101/2025.03.06.641844,,False,,0,0,0,,,,,,,,,,,,,,PMID not found and no local snapshot grants
MannLabs/alpharaw,10.1016/j.mcpro.2021.100149,34543758,False,,0,0,0,,,,,,,,,,,,,,Not in NIH RePORTER
MannLabs/alphamap,10.1093/bioinformatics/btab674,34586352,True,Other,2,1,1,191046,,Institution abroad - Germany,,Other,CHF:92400,,Institution abroad - Germany,Other,CHF:92400,,2020-02-01 00:00:00,2022-01-31 00:00:00,Not in NIH RePORTER (non-NIH funder via local snapshot)
MannLabs/pydiaid,10.1016/j.mcpro.2022.100279,35944843,True,Other,1,1,0,412136960,,,,Other,EUR:879533,,,Other,EUR:879533,,2019-01-01 00:00:00,2023-12-31 00:00:00,Not in NIH RePORTER (non-NIH funder via local snapshot)
MannLabs/alphatims,10.1016/j.mcpro.2021.100149,34543758,False,,0,0,0,,,,,,,,,,,,,,Not in NIH RePORTER
markmikkelsen/Gannet,10.1002/jmri.24478,25548816,True,NIH,6,0,6,,,,,,,,JOHNS HOPKINS UNIVERSITY; HUGO W. MOSER RES INST KENNEDY KRIEGER,NINDS; NIMH; NIBIB,USD:3518543,3518543.0,2000-07-01T00:00:00,2027-03-31T00:00:00,OK
MattWillFlood/EntropyHub,10.1371/journal.pone.0259448,34735497,False,,0,0,0,,,,,,,,,,,,,,Not in NIH RePORTER
MAVIS-SLAM/OpenMAVIS,10.1109/ICRA57147.2024.10609982,,False,,0,0,0,,,,,,,,,,,,,,PMID not found and no local snapshot grants
mbezaire/ca1,10.1007/s10827-016-0623-7,27629590,True,NIH,4,0,4,,,,,,,,YALE UNIVERSITY,NLM; NCRR; NIDCD,USD:3406249,3406249.0,1987-07-01T00:00:00,2027-06-30T00:00:00,OK
mechmotum/symbrim,10.59490/6504c5a765e8118fc7b106c3,,False,,0,0,0,,,,,,,,,,,,,,PMID not found and no local snapshot grants
med-air/SurRoL,10.1126/scirobotics.adt3093,40668896,False,,0,0,0,,,,,,,,,,,,,,Not in NIH RePORTER
MehmetAzizYirik/MAYGEN,10.1186/s13321-021-00529-9,34217353,True,Other,6,5,1,INST 275/363-1 FUGG; INST 275/334-1; INST 275/363-1; 275/334-1; INST 275/334-1 FUGG,,,,Other,,,Friedrich-Schiller-Universität Jena,Other,EUR:4287725,,2014-01-01 00:00:00,2014-12-31 00:00:00,Not in NIH RePORTER (non-NIH funder via local snapshot)
Merck/BioPhi,10.1080/19420862.2021.2020203,35133949,False,,0,0,0,,,,,,,,,,,,,,Not in NIH RePORTER
MetabolicAtlas/MetabolicAtlas,10.1093/nar/gkaf1053,41171142,True,Other,7,0,7,,,,,,,,,Other,GBP:1626234,,2024-05-31 00:00:00,2029-05-30 00:00:00,Not in NIH RePORTER (non-NIH funder via local snapshot)
mHealthGroup/MIMSunit,10.1123/jmpb.2018-0068,34308270,True,NIH; Other,3,1,2,5U01HL091737-04,U01HL091737,MASSACHUSETTS INSTITUTE OF TECHNOLOGY,MA,NHLBI,USD:950745,950745.0,MASSACHUSETTS INSTITUTE OF TECHNOLOGY; JOHNS HOPKINS UNIVERSITY,NHLBI; Other,USD:958220,958220.0,1996-07-10T00:00:00,2012-05-31T00:00:00,OK
mhesselbarth/Hesselbarth-etal-2021-CLER,10.1007/s40823-021-00067-y,,True,Other,2,1,1,NE/T009373/1,,,,Other,GBP:347830,,,Other,GBP:347830,,2020-05-31 00:00:00,2024-05-30 00:00:00,OK
MICA-MNI/ENIGMA,10.1038/s41592-021-01186-4,34194050,True,NIH; Other,11,4,7,FDN-154298; 178175; Discovery-1304413; PJT-174995,,Institution abroad - Canada,,Other,CHF:64100,,"WASHINGTON UNIVERSITY; UNIVERSITY OF SOUTHERN CALIFORNIA; UNIVERSITY OF CALIFORNIA, SAN DIEGO; EMORY UNIVERSITY; UNIVERSITY OF CALIFORNIA LOS ANGELES; Institution abroad - Canada",NIMH; NIBIB; NINDS; Other,USD:8626334; CHF:64100,8626334.0,2010-07-01T00:00:00,2028-12-31T00:00:00,OK
MichaelVorndran/CellLocator,10.1101/2023.03.24.534081,,True,Other,4,2,2,GA1641/7-1; SFB1403,,,,Other,,,Universität zu Köln,Other,EUR:3298250,,2020-01-01 00:00:00,2020-12-31 00:00:00,OK
microsoft/P.808,10.1145/3308560.3317084,,False,,0,0,0,,,,,,,,,,,,,,PMID not found and no local snapshot grants
MiguelMValero/CONES,10.1016/j.compfluid.2023.106118,,False,,0,0,0,,,,,,,,,,,,,,PMID not found and no local snapshot grants
MiKatt/openSTARS,10.1371/journal.pone.0239237,32941523,False,,0,0,0,,,,,,,,,,,,,,Not in NIH RePORTER
MikeHeiber/Excimontec,10.21105/joss.02307,,True,Other,1,0,1,,,,,,,,,Other,USD:24946158,24946157.74,2014-01-01 00:00:00,2019-06-30 00:00:00,OK
mir-group/allegro,10.1038/s41467-023-36329-y,36737620,True,NSF; Other,20,12,8,DE-AC05-00OR22725; under Contract DE-AC05-00OR22725; DE-SC0022199; DE-AR0000775; DE-AC02; AC02-06CH11357; 06CH11357; DE-SC0012573; SC0021110; 00OR22725; AC05-00OR22725; DE-AC05,,,,Other,,,Harvard University,NSF; Other,USD:17850000,17850000.0,2020-09-01 00:00:00,2026-08-31 00:00:00,Not in NIH RePORTER (non-NIH funder via local snapshot)
mir-group/flare,10.1038/s41524-020-0283-z,,True,NSF; Other,4,2,2,DE-FG02-97ER25308; DE-FG02,,,,Other,,,Harvard University,NSF; Other,USD:52333495,52333495.0,1997-06-16 00:00:00,2021-09-30 00:00:00,OK
MISP/MISP,10.1145/2994539.2994542,,False,,0,0,0,,,,,,,,,,,,,,PMID not found and no local snapshot grants
MIT-PSFC/disruption-py,10.21105/joss.09364,,True,Other,2,2,0,SC0014264; DE-SC0014264,,,,Other,,,,Other,,,,,OK
MLBazaar/Cardea,10.1109/DSAA49011.2020.00068,,False,,0,0,0,,,,,,,,,,,,,,PMID not found and no local snapshot grants
modelscope/ClearerVoice-Studio,10.21437/Interspeech.2025-680,,False,,0,0,0,,,,,,,,,,,,,,PMID not found and no local snapshot grants
modelix/modelix,10.1109/MODELS-C53483.2021.00011,,False,,0,0,0,,,,,,,,,,,,,,PMID not found and no local snapshot grants
modelscope/FunASR,10.21437/Interspeech.2023-1428,,False,,0,0,0,,,,,,,,,,,,,,PMID not found and no local snapshot grants
mprib/caliscope,10.21105/joss.07155,,False,,0,0,0,,,,,,,,,,,,,,PMID not found and no local snapshot grants
mqcomplab/Fanpy,10.1016/j.comptc.2021.113187,,False,,0,0,0,,,,,,,,,,,,,,PMID not found and no local snapshot grants
mretier/growthdash,10.1186/s12859-024-05692-y,38347472,True,Other,3,2,1,310030B-201265; 310030B,,,,Other,,,ETH Zurich,Other,CHF:1103183,,2021-05-01 00:00:00,2025-04-30 00:00:00,Not in NIH RePORTER (non-NIH funder via local snapshot)
mriesch-tum/mbsolve,10.1016/j.cpc.2021.108097,,True,Other,1,1,0,JI 115/4-2,,,,Other,,,,Other,,,,,OK
MubarizZaffar/VPR-Bench,10.1007/s11263-021-01469-5,,True,Other,6,0,6,,,,,,,,,Other,GBP:28878147,,2017-04-30 00:00:00,2022-03-31 00:00:00,OK
muccg/rdrf,10.1016/j.bcmd.2017.01.013,28190666,True,Other,2,2,0,104746; REF 104746,,,,Other,,,,Other,,,2014-07-02 00:00:00,2017-04-10 00:00:00,Not in NIH RePORTER (non-NIH funder via local snapshot)
MueFab/genie,10.1038/s42003-024-06249-8,38724695,True,Other,5,1,4,501100011033,,,,Other,,,Leibniz Universität Hannover,Other,EUR:1242178,,2022-09-01 00:00:00,2027-08-31 00:00:00,Not in NIH RePORTER (non-NIH funder via local snapshot)
MW55/Natrix,10.1186/s12859-020-03852-4,33198651,True,Other,3,3,0,BO 3245/19-1; BO 3245/19; Project BO 3245/19-1,,,,Other,,,,Other,,,,,Not in NIH RePORTER (non-NIH funder via local snapshot)
nalmadi/fix8,10.3758/s13428-025-02597-3,39856463,False,,0,0,0,,,,,,,,,,,,,,Not in NIH RePORTER
nansencenter/sea_ice_drift,10.5194/tc-10-913-2016,,True,Other,2,1,1,239998/F50,,,,Other,,,Scientific foundation Nansen International Environmental and Remote Sensing Centre,Other,EUR:1994891,,2012-05-01 00:00:00,2015-10-31 00:00:00,OK
Nate711/StanfordDoggoProject,10.1109/ICRA.2019.8794436,,False,,0,0,0,,,,,,,,,,,,,,PMID not found and no local snapshot grants
NCCR-SYNAPSY/neurodatapub,10.21105/joss.03262,39469147,True,NIH; NSF; Other,9,0,9,,,,,,,,MASSACHUSETTS INSTITUTE OF TECHNOLOGY; UNIV OF MASSACHUSETTS MED SCH WORCESTER; Dartmouth College; Otto-von-Guericke-Universität Magdeburg; Forschungszentrum Jülich GmbH,NIMH; NIBIB; NSF; Other,USD:3746509; EUR:802958,3746509.0,2014-09-01 00:00:00,2029-04-30T00:00:00,OK
nekStab/nekStab,10.1115/1.4056808,,False,,0,0,0,,,,,,,,,,,,,,PMID not found and no local snapshot grants
NEMRI-org/primo-optimizer,10.18141/2439193,,False,,0,0,0,,,,,,,,,,,,,,PMID not found and no local snapshot grants
NeuRRoLab/NeuRRoNav,10.3233/RNN-170751,29036851,True,NIH,1,0,1,,,,,,,,UNIVERSITY OF MICHIGAN AT ANN ARBOR,NIBIB,USD:213593,213593.0,2014-09-05T00:00:00,2019-05-31T00:00:00,OK
nichollsh/AGNI,10.21105/joss.07726,,False,,0,0,0,,,,,,,,,,,,,,PMID not found and no local snapshot grants
NIEHS/GeoTox,10.1186/s40246-024-00711-8,39827338,True,NIH; Other,2,2,0,ZIA ES103368; ZIA ES103368-02,,,,NIH; Other,,,,NIH; Other,,,,,Not in NIH RePORTER (non-NIH funder via local snapshot)
NifTK/NiftyNet,10.1016/j.cmpb.2018.01.025,29544777,True,Other,17,14,3,106882/Z/15/Z; 203145Z/16/Z; EP/L016478/1; RG160569; HICF-T4-275; 97914; 101957/Z/13/Z; EP/K503745/1; WT101957; /Z/15/Z; M020533; 203145Z; EP/K503745; M020533/1,,,,Other,,,,Other,GBP:1472259,,2015-05-13 00:00:00,2021-12-31 00:00:00,Not in NIH RePORTER (non-NIH funder via local snapshot)
nkallima/Synch-Framework,10.21105/joss.03143,,True,Other,2,1,1,Horizon 2020,,,,Other,,,BULL SAS,Other,EUR:79991745,,2018-12-01 00:00:00,2021-12-31 00:00:00,OK
NNPDF/nnusf,10.1007/JHEP05(2023)149,,False,,0,0,0,,,,,,,,,,,,,,PMID not found and no local snapshot grants
NNPDF/nnpdf,10.1140/epjc/s10052-021-09747-9,,True,Other,16,6,10,ST/P000630/1.; R504737; ST/L000385; Horizon 2020; T/R504737/1; NNLOforLHC2,,,,Other,,,THE CHANCELLOR MASTERS AND SCHOLARS OF THE UNIVERSITY OF CAMBRIDGE; STICHTING NEDERLANDSE WETENSCHAPPELIJK ONDERZOEK INSTITUTEN; UNIVERSITA DEGLI STUDI DI MILANO,Other,GBP:4171165; EUR:3241924,,2014-09-30 00:00:00,2026-09-30 00:00:00,OK
noid-group/BOCS,10.1021/acs.jpcb.7b09993,29227668,True,Other,3,3,0,MCB-1053970; 52100-ND6; CHE-1565631,,,,Other,,,,Other,,,,,Not in NIH RePORTER (non-NIH funder via local snapshot)
nosnoc/nosnoc,10.1007/s00211-024-01412-z,,False,,0,0,0,,,,,,,,,,,,,,PMID not found and no local snapshot grants
NREL/MATBOX_Microstructure_analysis_toolbox,10.1016/j.softx.2021.100915,,False,,0,0,0,,,,,,,,,,,,,,PMID not found and no local snapshot grants
NumesSanguis/FACSvatar,10.1145/3267851.3267918,,False,,0,0,0,,,,,,,,,,,,,,PMID not found and no local snapshot grants
nus-ncl/OctoBot,10.1109/INFOCOMWKSHPS51825.2021.9484537,,False,,0,0,0,,,,,,,,,,,,,,PMID not found and no local snapshot grants
nyrkio/nyrkio,10.1145/3395032.3395323,,False,,0,0,0,,,,,,,,,,,,,,PMID not found and no local snapshot grants
NYU-MLDA/OpenABC,10.1109/ICCAD57390.2023.10323663,,False,,0,0,0,,,,,,,,,,,,,,PMID not found and no local snapshot grants
OceanDataTools/openrvdas,10.1109/IEEECONF38699.2020.9389328,,False,,0,0,0,,,,,,,,,,,,,,PMID not found and no local snapshot grants
OceanographyforEveryone/OpenCTD,10.5670/oceanog.2024.602,,False,,0,0,0,,,,,,,,,,,,,,PMID not found and no local snapshot grants
oimeitei/quemb,10.1021/acs.jctc.3c00069,37155327,True,Other,1,0,1,,,,,,,,,Other,,,,,Not in NIH RePORTER (non-NIH funder via local snapshot)
oorb/oorb,10.1111/j.1945-5100.2009.tb01994.x,,False,,0,0,0,,,,,,,,,,,,,,PMID not found and no local snapshot grants
openalea/lpy,10.3389/fpls.2012.00076,22670147,False,,0,0,0,,,,,,,,,,,,,,Not in NIH RePORTER
openalea/phenomenal,10.1101/805739,,True,Other,3,2,1,11-INBS-0012; ANR-11-INBS,,,,Other,,,Terres Univia,Other,EUR:29006172,,2012-09-01 00:00:00,,OK
openalea/plantgl,10.1016/j.gmod.2008.10.001,,False,,0,0,0,,,,,,,,,,,,,,PMID not found and no local snapshot grants
OpenBioLink/ThoughtSource,10.1038/s41597-023-02433-3,37553439,True,Other,1,0,1,,,,,,,,,Other,,,,,Not in NIH RePORTER (non-NIH funder via local snapshot)
OpenChemistry/tomviz,10.1038/s41467-022-32046-0,35915070,True,Other,11,4,7,W911NF-17-S-0002; DE-AC02; DE-AC02-05CH11231; W911NF,,,,Other,,,,Other,,,,,Not in NIH RePORTER (non-NIH funder via local snapshot)
openhsi/openhsi,10.3390/rs14092244,,True,Other,2,1,1,ID10076,,,,Other,,,The University of Sydney,Other,AUD:4852079,,2017-01-01 00:00:00,2024-12-31 00:00:00,OK
open-lambda/open-lambda,10.1145/3702634.3702952,,False,,0,0,0,,,,,,,,,,,,,,PMID not found and no local snapshot grants
OpenMatch/OpenMatch,10.1145/3404835.3462789,,True,Other,1,1,0,2020AAA0106501,,,,Other,,,,Other,,,,,OK
OpenMDAO/dymos,10.21105/joss.02809,,False,,0,0,0,,,,,,,,,,,,,,PMID not found and no local snapshot grants
open-mmlab/mmfashion,10.1145/3474085.3478327,,False,,0,0,0,,,,,,,,,,,,,,PMID not found and no local snapshot grants
OpenMOSS/MOSS,10.1007/s11633-024-1502-8,,True,Other,1,1,0,62022027,,,,Other,,,,Other,,,,,OK
OpenNMT/OpenNMT,10.18653/v1/P17-4012,,False,,0,0,0,,,,,,,,,,,,,,PMID not found and no local snapshot grants
OpenPTrack/open_ptrack,10.1016/j.robot.2015.10.004,,True,NSF,1,1,0,IIS-1323767,,,,NSF,,,,NSF,,,,,OK
open-pulse/OpenPulse,10.1016/j.ymssp.2022.109824,,False,,0,0,0,,,,,,,,,,,,,,PMID not found and no local snapshot grants
openPupil/Open-PupilEXT,10.3389/fnins.2021.676220,34220432,True,Other,1,1,0,450636577,,,,Other,EUR:109942,,,Other,EUR:109942,,2020-01-01 00:00:00,2020-12-31 00:00:00,Not in NIH RePORTER (non-NIH funder via local snapshot)
OpenQBMM/OpenQBMM,10.1016/j.ces.2017.10.043,,True,Other; NSF,5,4,1,ANR-13-TDMO-0002; 1440443; ANR-13-TDMO-02 ASMAPE; ANR-13-TDMO-02,,Energétique moléculaire et macroscopique; Iowa State University,,Other; NSF,EUR:890724; USD:499551,499551.0,Energétique moléculaire et macroscopique; Iowa State University,Other; NSF,EUR:890724; USD:499551,499551.0,2014-01-01 00:00:00,2019-09-30 00:00:00,OK
OpenSimHub/OpenHPL,10.3390/en12122303,,False,,0,0,0,,,,,,,,,,,,,,PMID not found and no local snapshot grants
Open-Sn/opensn,10.1016/j.cpc.2025.110001,,False,,0,0,0,,,,,,,,,,,,,,PMID not found and no local snapshot grants
opensourceantibiotics/Series-2-Diarylimidazoles,10.1002/cmdc.201900565,31612602,False,,0,0,0,,,,,,,,,,,,,,Not in NIH RePORTER
OpenSourceAP/CrossSection,10.1561/104.00000112,,False,,0,0,0,,,,,,,,,,,,,,PMID not found and no local snapshot grants
OpenSourceMalaria/Series3,10.1021/acscentsci.6b00086,27800551,True,NSF; Other,7,1,6,LP120100552,,The University of Sydney,,Other,AUD:343562,,Lawrence University; The University of Sydney; Griffith University,NSF; Other,AUD:910620; USD:435764,435764.0,2009-09-15 00:00:00,2017-06-25 00:00:00,Not in NIH RePORTER (non-NIH funder via local snapshot)
OpenSourceMycetoma/Series-1-Fenarimols,10.1371/journal.pntd.0006437,29698504,False,,0,0,0,,,,,,,,,,,,,,Not in NIH RePORTER
Open-Source-Spatial-Clean-Cooking-Tool/OnStove,10.1038/s41893-022-01039-8,,False,,0,0,0,,,,,,,,,,,,,,PMID not found and no local snapshot grants
OpenSpace/OpenSpace,10.1109/TVCG.2019.2934259,,False,,0,0,0,,,,,,,,,,,,,,PMID not found and no local snapshot grants
OpenVADL/openvadl,10.1007/978-3-032-03281-2_11,28118817,False,,0,0,0,,,,,,,,,,,,,,Not in NIH RePORTER
OpenXiangShan/XiangShan,10.1109/MICRO56248.2022.00080,,False,,0,0,0,,,,,,,,,,,,,,PMID not found and no local snapshot grants
ortk95/planetmapper,10.21105/joss.05728,,True,Other,3,1,2,ST/W00089X/1,,,,Other,,,UNIVERSITY OF LEICESTER,Other,EUR:1999815,,2017-04-01 00:00:00,2024-03-31 00:00:00,OK
oscar-system/Oscar.jl,10.1007/978-3-031-62127-7,,True,Other,2,1,1,TRR 195,,,,Other,,,University of Kaiserslautern,Other,EUR:2858483,,2017-01-01 00:00:00,2017-12-31 00:00:00,OK
OSeMOSYS/OSeMOSYS,10.1016/j.enpol.2011.06.033,,True,Other,1,0,1,,,,,,,,,Other,,,,,OK
pachterlab/poseidon,10.1038/s41598-019-48815-9,31455877,False,,0,0,0,,,,,,,,,,,,,,Not in NIH RePORTER
parflow/parflow,10.5176/gmd-13-1373-2020,,False,,0,0,0,,,,,,,,,,,,,,PMID not found and no local snapshot grants
pastas/pastas,10.1111/gwat.12925,31347164,False,,0,0,0,,,,,,,,,,,,,,Not in NIH RePORTER
PathwayAnalysisPlatform/PathwayMatcher_Dev,10.1101/375097,,True,NIH,3,0,3,,,,,,,,,NIH,,,,,OK
paulvill/paulvill.github.io,10.1002/bdrc.21012,22692885,False,,0,0,0,,,,,,,,,,,,,,Not in NIH RePORTER
peigen-sboxes/PEIGEN,10.13154/tosc.v2019.i1.330-394,,True,Other,1,1,0,M4080456,,,,Other,,,,Other,,,,,OK
pellierd/pddl4j,10.1080/0952813X.2017.1409278,,False,,0,0,0,,,,,,,,,,,,,,PMID not found and no local snapshot grants
pgvector/pgvector,10.1145/3318464.3386131,,False,,0,0,0,,,,,,,,,,,,,,PMID not found and no local snapshot grants
Philipp-MR/CoilGen,10.1002/mrm.29294,35526237,True,Other,3,0,3,,,,,,,,,Other,,,,,Not in NIH RePORTER (non-NIH funder via local snapshot)
PKU-IDEA/OpenPARF,10.11999/JEIT230387,,False,,0,0,0,,,,,,,,,,,,,,PMID not found and no local snapshot grants
PMEC-OSU/FOSTWIN,10.1016/j.energy.2021.122485,,False,,0,0,0,,,,,,,,,,,,,,PMID not found and no local snapshot grants
pnnl/OpenCGRA,10.1109/ICCD50377.2020.00070,,False,,0,0,0,,,,,,,,,,,,,,PMID not found and no local snapshot grants
PRBonn/bonnet,10.1109/icra.2019.8793510,,False,,0,0,0,,,,,,,,,,,,,,PMID not found and no local snapshot grants
precice/fenics-adapter,10.1016/j.softx.2021.100807,,True,Other,6,0,6,,,,,,,,TECHNISCHE UNIVERSITAET MUENCHEN; Universität Stuttgart,Other,EUR:9841783,,2017-06-01 00:00:00,2023-05-31 00:00:00,OK
precice/fenicsx-adapter,10.1016/j.softx.2026.102807,,False,,0,0,0,,,,,,,,,,,,,,PMID not found and no local snapshot grants
PrideLab/PRIDE-PPPAR,10.1007/s00190-022-01602-3,,True,Other,1,1,0,42025401,,,,Other,,,,Other,,,,,OK
PRIDE-Archive/ms-data-core-api,10.1093/bioinformatics/bt,,False,,0,0,0,,,,,,,,,,,,,,PMID not found and no local snapshot grants
PrincetonUniversity/faas-profiler,10.1145/3352460.3358296,,True,NSF; Other,9,5,4,"1453112; CCF-1453112; CCF-1822949,CCF-1453112; CCF-1822949; FA8650-18-2-7846,FA8650-18-2-7852,FA8650-18-2-7862",,Princeton University,,NSF; Other,USD:511176,511176.0,Princeton University,NSF; Other,USD:1011176,1011176.0,2015-02-01 00:00:00,2023-09-30 00:00:00,OK
PrincetonUniversity/magnet,10.1109/TPEL.2023.3291084,,False,,0,0,0,,,,,,,,,,,,,,PMID not found and no local snapshot grants
PrincetonUniversity/prga,10.1145/3431920.3439294,,True,NSF; Other,4,2,2,1453112; CCF-1453112,,Princeton University,,NSF,USD:511176,511176.0,Princeton University,NSF; Other,USD:511176,511176.0,2015-02-01 00:00:00,2021-01-31 00:00:00,OK
prisms-center/phaseField,10.1038/s41524-020-0298-5,,True,Other,8,8,0,No. DE-AC02-05CH11231; Contract No. DE-AC02-05CH11231; -SC0008637; DE-SC0008637; AC02-05CH11231; DE-AC02; DE-AC02-05CH11231; 05CH11231,,,,Other,,,,Other,,,,,OK
process-intelligence-solutions/pm4py,10.1016/j.simpa.2023.100556,,False,,0,0,0,,,,,,,,,,,,,,PMID not found and no local snapshot grants
projectmesa/mesa,10.21105/joss.07668,,False,,0,0,0,,,,,,,,,,,,,,PMID not found and no local snapshot grants
Project-MONAI/MONAILabel,10.1016/j.media.2024.103207,38776843,False,,0,0,0,,,,,,,,,,,,,,Not in NIH RePORTER
ProjectQ-Framework/ProjectQ,10.22331/q-2018-01-31-49,,False,,0,0,0,,,,,,,,,,,,,,PMID not found and no local snapshot grants
psi4/psi4,10.1002/wcms.93,,False,,0,0,0,,,,,,,,,,,,,,PMID not found and no local snapshot grants
pulp-platform/pulp,10.1109/JSSC.2019.2912307,,False,,0,0,0,,,,,,,,,,,,,,PMID not found and no local snapshot grants
pulp-platform/pulpissimo,10.1109/S3S.2018.8640145,,False,,0,0,0,,,,,,,,,,,,,,PMID not found and no local snapshot grants
pymedphys/pymedphys,10.21105/joss.04555,,False,,0,0,0,,,,,,,,,,,,,,PMID not found and no local snapshot grants
pymtl/pymtl3,10.1109/MM.2020.2997638,,False,,0,0,0,,,,,,,,,,,,,,PMID not found and no local snapshot grants
PyRetri/PyRetri,10.1145/3394171.3414537,,True,Other,1,1,0,61973245,,,,Other,,,,Other,,,,,OK
pyrates-neuroscience/PyRates,10.1371/journal.pcbi.1011761,38150479,True,Other,1,0,1,,,,,,,,,Other,,,,,Not in NIH RePORTER (non-NIH funder via local snapshot)
PyVRP/PyVRP,10.1287/ijoc.2023.0055,,False,,0,0,0,,,,,,,,,,,,,,PMID not found and no local snapshot grants
pyxem/pyxem,10.1016/j.ultramic.2022.113517,35427885,False,,0,0,0,,,,,,,,,,,,,,Not in NIH RePORTER
QMCPACK/qmcpack,10.1088/1361-648X/aab9c3,29582782,False,,0,0,0,,,,,,,,,,,,,,Not in NIH RePORTER
qpv-research-group/rayflare,10.21105/joss.03460,,False,,0,0,0,,,,,,,,,,,,,,PMID not found and no local snapshot grants
quanshengwu/wannier_tools,10.1016/j.cpc.2017.09.033,,True,Other; NSF,4,0,4,,,,,,,,,Other; NSF,,,,,OK
qupath/qupath,10.1038/s41598-017-17204-5,29203879,True,Other,11,0,11,,,,,,,,,Other,,,,,Not in NIH RePORTER (non-NIH funder via local snapshot)
r4tings/r4tings-recommender,10.1007/978-3-319-29659-3,,False,,0,0,0,,,,,,,,,,,,,,PMID not found and no local snapshot grants
rachelselinar/DREAMPlaceFPGA,10.1145/3569052.3571881,,False,,0,0,0,,,,,,,,,,,,,,PMID not found and no local snapshot grants
radiantlab/HDRICalibrationTool,10.1080/15502724.2019.1684319,,True,Other,2,2,0,25031941; 30200609,,,,Other,,,,Other,,,,,OK
RAMP-project/RAMP,10.1016/j.energy.2019.04.097,,False,,0,0,0,,,,,,,,,,,,,,PMID not found and no local snapshot grants
RayFronts/RayFronts,10.1109/IROS60139.2025.11245813,,False,,0,0,0,,,,,,,,,,,,,,PMID not found and no local snapshot grants
RFCNLP/RFCNLP,10.1109/SP46214.2022.00056,,False,,0,0,0,,,,,,,,,,,,,,PMID not found and no local snapshot grants
RLGC-Project/RLGC,10.1109/TSG.2019.2933191,,False,,0,0,0,,,,,,,,,,,,,,PMID not found and no local snapshot grants
RLHF-V/RLAIF-V,10.1109/CVPR52734.2025.01861,,False,,0,0,0,,,,,,,,,,,,,,PMID not found and no local snapshot grants
RMLio/social-media-archiving,10.3233/SSW210045,,False,,0,0,0,,,,,,,,,,,,,,PMID not found and no local snapshot grants
rodralez/NaveGo,10.1080/13873954.2014.952642,,True,Other,1,1,0,FONCyT IP-PRH 2007,,,,Other,,,,Other,,,,,OK
ronshnapp/MyPTV,10.21105/joss.04398,,False,,0,0,0,,,,,,,,,,,,,,PMID not found and no local snapshot grants
RRZE-HPC/OSACA,10.1109/PMBS49563.2019.00006,,False,,0,0,0,,,,,,,,,,,,,,PMID not found and no local snapshot grants
RTC-research-group/OpenNAS,10.1016/j.neucom.2020.12.062,,False,,0,0,0,,,,,,,,,,,,,,PMID not found and no local snapshot grants
sbmlteam/jsbml,10.1093/bioinformatics/bt,,False,,0,0,0,,,,,,,,,,,,,,PMID not found and no local snapshot grants
sccn/eeglab,10.1016/j.jneumeth.2003.10.009,15102499,False,,0,0,0,,,,,,,,,,,,,,Not in NIH RePORTER
scify/JedAIToolkit,10.1016/j.is.2020.101565,,False,,0,0,0,,,,,,,,,,,,,,PMID not found and no local snapshot grants
scikit-maad/scikit-maad,10.1111/2041-210X.13711,,False,,0,0,0,,,,,,,,,,,,,,PMID not found and no local snapshot grants
SciML/Catalyst.jl,10.1371/journal.pcbi.1011530,37851697,True,Other; NSF,17,6,11,OAC-1835443; S002283-USAID; DMS-1902854; OAC-2103804; PHY-2021825; ECCS-2029670,,,,NSF,,,UNIVERSITY OF GALWAY; Massachusetts Institute of Technology; Trustees of Boston University,Other; NSF,USD:6658209; EUR:3381742,6658209.0,2017-04-01 00:00:00,2025-07-31 00:00:00,Not in NIH RePORTER (non-NIH funder via local snapshot)
sdnwiselab/sdn-wise-contiki,10.1016/j.comnet.2019.04.029,,False,,0,0,0,,,,,,,,,,,,,,PMID not found and no local snapshot grants
secureIT-project/CVEfixes,10.1145/3475960.3475985,,True,Other,1,1,0,288787,,,,Other,,,,Other,,,,,OK
SenseTime-FVG/OpenDWM,10.1109/CVPR52734.2025.02085,,False,,0,0,0,,,,,,,,,,,,,,PMID not found and no local snapshot grants
sequence-toolbox/SeQUeNCe,10.1145/3634701,,True,NSF; Other,8,3,5,CNS-1730488; DE-AC02; DMR-1747426,,,,NSF; Other,,,Illinois Institute of Technology,NSF; Other,USD:400000,400000.0,2017-08-01 00:00:00,2021-07-31 00:00:00,OK
SET-Scheduling-Project/GEMINI-HPCA2024,10.1145/3579371.3589048,,True,Other,1,1,0,2022YFB2804103,,,,Other,,,,Other,,,,,OK
sfc-aqua/quisp,10.1109/QCE53715.2022.00056,,False,,0,0,0,,,,,,,,,,,,,,PMID not found and no local snapshot grants
Shamrock-code/Shamrock,10.1093/mnras/staf444,,True,Other,1,0,1,,,,,,,,CENTRE NATIONAL DE LA RECHERCHE SCIENTIFIQUE CNRS,Other,EUR:2487721,,2022-09-01 00:00:00,2027-08-31 00:00:00,OK
shannon-lab/zapdos,10.1088/0022-3727/49/23/235204,,False,,0,0,0,,,,,,,,,,,,,,PMID not found and no local snapshot grants
SharmaLlama/ticktack,10.21105/joss.05084,,False,,0,0,0,,,,,,,,,,,,,,PMID not found and no local snapshot grants
shawnbanasick/kade,10.21105/joss.01360,,False,,0,0,0,,,,,,,,,,,,,,PMID not found and no local snapshot grants
ShiqiYu/libfacedetection,10.1007/s11633-023-1423-y,,True,Other,1,1,0,61976144,,,,Other,,,,Other,,,,,OK
showlab/ShowUI,10.1109/CVPR52734.2025.01816,,False,,0,0,0,,,,,,,,,,,,,,PMID not found and no local snapshot grants
sigsep/open-unmix-pytorch,10.21105/joss.01667,,True,Other,1,1,0,ANR-15-CE38-0003,,Institut National de Recherche en Informatique et en Automatique,,Other,EUR:282828,,Institut National de Recherche en Informatique et en Automatique,Other,EUR:282828,,2015-10-01 00:00:00,,OK
sigurdstorve/OpenBCSim,10.1109/TUFFC.2009.1051,,False,,0,0,0,,,,,,,,,,,,,,PMID not found and no local snapshot grants
simonprovost/scikit-longitudinal,10.21105/joss.08481,,False,,0,0,0,,,,,,,,,,,,,,PMID not found and no local snapshot grants
SimVascular/svMultiPhysics,10.21105/joss.04118,,True,NSF,3,2,1,1663747; 1663671,,University of California; Stanford University,,NSF,USD:2375001,2375001.0,University of California; Stanford University,NSF,USD:2375001,2375001.0,2017-09-01 00:00:00,2023-08-31 00:00:00,OK
sing-group/biojs-vis-blasterjs,10.1371/journal.pone.0205286,30300406,True,Other,1,1,0,COMPETE 2020 (POCI-01-0145-FEDER-006684),,,,Other,,,,Other,,,,,Not in NIH RePORTER (non-NIH funder via local snapshot)
sisl/ConstructionBots.jl,10.1016/j.robot.2025.105179,,True,NSF,1,1,0,DGE \u2013 1656518,,,,NSF,,,,NSF,,,,,OK
SlicerRt/SlicerRT,10.1118/1.4754659,23039669,False,,0,0,0,,,,,,,,,,,,,,Not in NIH RePORTER
slideflow/slideflow,10.1186/s12859-024-05758-x,38539070,True,NIH; Other,3,2,1,L30 CA264765; K12-CA13916013,,,,Other; NIH,,,UNIVERSITY OF MICHIGAN AT ANN ARBOR,NCI; Other; NIH,USD:462169,462169.0,2020-05-01T00:00:00,2026-04-30T00:00:00,OK
Snowdar/asv-subtools,10.1109/ICASSP39728.2021.9414676,,False,,0,0,0,,,,,,,,,,,,,,PMID not found and no local snapshot grants
snowformatics/macrobot,10.21105/joss.02259,,True,Other,1,1,0,FKZ 031B0184,,,,Other,,,,Other,,,,,OK
SNPGuard/snp-guard,10.1109/EuroSPW61312.2024.00026,,False,,0,0,0,,,,,,,,,,,,,,PMID not found and no local snapshot grants
software-gardening/almanack,10.1109/ICSE.2009.5070510,,False,,0,0,0,,,,,,,,,,,,,,PMID not found and no local snapshot grants
Soldann/MORB_SLAM,10.1109/ICoIAS53694.2021.00038,,False,,0,0,0,,,,,,,,,,,,,,PMID not found and no local snapshot grants
SonySemiconductorSolutions/mct-model-optimization,10.1007/978-3-031-91979-4_13,,False,,0,0,0,,,,,,,,,,,,,,PMID not found and no local snapshot grants
sooftware/kospeech,10.1016/j.simpa.2021.100054,,False,,0,0,0,,,,,,,,,,,,,,PMID not found and no local snapshot grants
spectralcode/OCTproZ,10.21105/joss.02580,,True,Other,1,0,1,,,,,,,,,Other,,,,,OK
Spin-Chemistry-Labs/radicalpy,10.1021/acs.jctc.4c00887,39470650,True,Other,2,1,1,JPMJPR19G1,,,,Other,,,Institute of Physical and Chemical Research,Other,JPY:4550000,,2022-04-01 00:00:00,2026-03-31 00:00:00,Not in NIH RePORTER (non-NIH funder via local snapshot)
spinalcordtoolbox/spinalcordtoolbox,10.2463/mrms.rev.2023-0159,38479843,True,Other,9,6,3,34824; 35450; 324636; PJT-190258; RGPIN-2019; 32454,,Polytechnique Montréal,,Other,CAD:63500,,UNIVERZITA PALACKEHO V OLOMOUCI; Polytechnique Montréal,Other,EUR:269047; CAD:158750,,2023-05-01 00:00:00,2026-04-30 00:00:00,Not in NIH RePORTER (non-NIH funder via local snapshot)
spine-tools/Spine-Toolbox,10.1016/j.softx.2021.100967,,True,Other,2,2,0,774629; Horizon 2020,,TEKNOLOGIAN TUTKIMUSKESKUS VTT OY,,Other,EUR:3580419,,TEKNOLOGIAN TUTKIMUSKESKUS VTT OY,Other,EUR:3580419,,2017-10-01 00:00:00,2021-09-30 00:00:00,OK
srivatsankrishnan/oss-arch-gym,10.1145/3579371.3589049,,False,,0,0,0,,,,,,,,,,,,,,PMID not found and no local snapshot grants
stanford-oval/genie-toolkit,10.1145/3314221.3314594,,True,NSF,1,0,1,,,,,,,,Stanford University,NSF,USD:3000000,3000000.0,2019-04-01 00:00:00,2023-03-31 00:00:00,OK
stineje/CharLib,10.1109/MWSCAS60917.2024.10658687,,False,,0,0,0,,,,,,,,,,,,,,PMID not found and no local snapshot grants
stranskyjan/dem-fem-coupling,10.1061/(ASCE)GM.1943-5622.0001388,,False,,0,0,0,,,,,,,,,,,,,,PMID not found and no local snapshot grants
sumn2u/annotate-lab,10.21105/joss.07210,,False,,0,0,0,,,,,,,,,,,,,,PMID not found and no local snapshot grants
supernnova/SuperNNova,10.1093/mnras/stz3312,,True,Other,1,1,0,CE110001020,,,,Other,,,,Other,,,,,OK
SwanHubX/SwanLab,10.1145/3759972.3759979,,False,,0,0,0,,,,,,,,,,,,,,PMID not found and no local snapshot grants
sylabs/singularity,10.1371/journal.pone.0177459,28494014,True,Other,6,4,2,Contract No. DE-AC02-05CH11231; DE-AC02; AC02-05CH11231; 05CH11231,,,,Other,,,,Other,,,,,Not in NIH RePORTER (non-NIH funder via local snapshot)
SysSec-KAIST/LTESniffer,10.1145/3558482.3590196,,True,Other,1,1,0,2022-,,,,Other,,,,Other,,,,,OK
TachibanaYoshino/AnimeGAN,10.1007/978-981-15-5577-0_18,,False,,0,0,0,,,,,,,,,,,,,,PMID not found and no local snapshot grants
taco-group/OpenEMMA,10.1109/WACVW65960.2025.00113,,False,,0,0,0,,,,,,,,,,,,,,PMID not found and no local snapshot grants
tamu-edu/scrollstats,10.21105/joss.09736,,False,,0,0,0,,,,,,,,,,,,,,PMID not found and no local snapshot grants
tatool/tatool-web,10.3758/s13428-012-0224-y,22723043,False,,0,0,0,,,,,,,,,,,,,,Not in NIH RePORTER
TBC-TJU/MetaBCI,10.1016/j.compmed.2023.107806,,False,,0,0,0,,,,,,,,,,,,,,PMID not found and no local snapshot grants
TencentAI4S/tfold,10.1002/prot.26232,34473376,False,,0,0,0,,,,,,,,,,,,,,Not in NIH RePORTER
tensorflow/minigo,10.1038/nature24270,29052630,False,,0,0,0,,,,,,,,,,,,,,Not in NIH RePORTER
terrapower/armi,10.1016/J.ENG.2017.04.016,,False,,0,0,0,,,,,,,,,,,,,,PMID not found and no local snapshot grants
Thales1330/PSP,10.1002/2050-7038.12185,,False,,0,0,0,,,,,,,,,,,,,,PMID not found and no local snapshot grants
TheBeruriahIncident/leafbyte,10.1111/2041-210X.13340,,False,,0,0,0,,,,,,,,,,,,,,PMID not found and no local snapshot grants
TheDeanLab/navigate,10.1038/s41592-024-02413-4,39261640,True,NIH; Other,5,3,2,5RM1GM145399-05; 5R35GM133522-08; RR1900371,RM1GM145399; R35GM133522,UT SOUTHWESTERN MEDICAL CENTER,TX,NIGMS; Other,USD:1034593,1034593.0,UT SOUTHWESTERN MEDICAL CENTER,NCI; NIGMS; Other,USD:2494781,2494781.0,2019-03-01T00:00:00,2029-07-31T00:00:00,OK
thelfer/MFrontGenericInterfaceSupport,10.21105/joss.02003,,True,Other,1,0,1,,,,,,,,,Other,,,,,OK
Thinking-Machines-RL/OpenRobotGPT,10.1109/LRA.2024.3357432,,False,,0,0,0,,,,,,,,,,,,,,PMID not found and no local snapshot grants
thpar/diffany,10.1186/s12859-015-0863-y,26729218,True,Other,3,2,1,01MRB510W; BOF08/01M00408,,,,Other,,,UAntwerpen,Other,,,2012-04-01 00:00:00,2017-12-31 00:00:00,Not in NIH RePORTER (non-NIH funder via local snapshot)
thulab/DeepHash,10.1145/3078971.3078983,,False,,0,0,0,,,,,,,,,,,,,,PMID not found and no local snapshot grants
thunlp/OpenMatch,10.1145/3404835.3462789,,True,Other,1,1,0,2020AAA0106501,,,,Other,,,,Other,,,,,OK
TILOS-AI-Institute/MacroPlacement,10.1145/3569052.3578926,,True,Other; NSF,3,3,0,HR0011-18-2-0032; NSF CCF-2112665; CCF-2112665,,,,Other; NSF,,,,Other; NSF,,,,,OK
TimingPredict/TimingPredict,10.1145/3489517.3530597,,False,,0,0,0,,,,,,,,,,,,,,PMID not found and no local snapshot grants
TIM-JYU/TIM,10.1109/FIE43999.2019.9028353,,False,,0,0,0,,,,,,,,,,,,,,PMID not found and no local snapshot grants
timvandermeij/mobile-radio-tomography,10.1007/978-3-319-67468-1_5,,False,,0,0,0,,,,,,,,,,,,,,PMID not found and no local snapshot grants
tlab-wide/AutowareV2X,10.1109/VTC2023-Spring57618.2023.10199425,,False,,0,0,0,,,,,,,,,,,,,,PMID not found and no local snapshot grants
tne-lab/py-behav-box-v2,10.21105/joss.06515,,False,,0,0,0,,,,,,,,,,,,,,PMID not found and no local snapshot grants
torognes/vsearch,10.7717/peerj.2584,27781170,True,Other,4,0,4,,,,,,,,,Other,,,,,Not in NIH RePORTER (non-NIH funder via local snapshot)
TradeMaster-NTU/TradeMaster,10.1145/3582560,,False,,0,0,0,,,,,,,,,,,,,,PMID not found and no local snapshot grants
transcript/samsa2,10.1186/s12859-018-2189-z,29783945,True,NIH; Other,3,0,3,,,,,,,,UNIVERSITY OF CALIFORNIA AT DAVIS,NIGMS; NCCIH; Other,USD:746755,746755.0,2002-07-01T00:00:00,2020-08-31T00:00:00,OK
trentool/TRENTOOL3,10.1186/1471-2202-12-119,22098775,False,,0,0,0,,,,,,,,,,,,,,Not in NIH RePORTER
troyvvgroup/quemb,10.1021/acs.jpca.5c02983,40608815,True,Other,3,1,2,2141064,,,,Other,,,,Other,,,,,Not in NIH RePORTER (non-NIH funder via local snapshot)
tryonlabs/opentryon,10.1109/CVPR52729.2023.00447,,False,,0,0,0,,,,,,,,,,,,,,PMID not found and no local snapshot grants
tudelft3d/3dfier,10.21105/joss.02866,,False,,0,0,0,,,,,,,,,,,,,,PMID not found and no local snapshot grants
tum-ewk/lemlab,10.1016/j.apenergy.2021.118004,,False,,0,0,0,,,,,,,,,,,,,,PMID not found and no local snapshot grants
tum-ewk/OpenTUMFlex,10.1109/ISGTEurope.2019.8905594,,False,,0,0,0,,,,,,,,,,,,,,PMID not found and no local snapshot grants
twardokus/v2verifier,10.1109/TMC.2017.2751474,,False,,0,0,0,,,,,,,,,,,,,,PMID not found and no local snapshot grants
uctb/UCTB,10.1109/TKDE.2021.3130762,,False,,0,0,0,,,,,,,,,,,,,,PMID not found and no local snapshot grants
UFFeScience/akoflow,10.5753/sbbd.2024.241126,,False,,0,0,0,,,,,,,,,,,,,,PMID not found and no local snapshot grants
uhhhci/immersive-ngp,10.3389/frvir.2024.1377245,,False,,0,0,0,,,,,,,,,,,,,,PMID not found and no local snapshot grants
ultravideo/kvazaar,10.1109/TIP.2014.2336550,,False,,0,0,0,,,,,,,,,,,,,,PMID not found and no local snapshot grants
ultravideo/uvg266,10.1109/TCE.2022.3146016,,False,,0,0,0,,,,,,,,,,,,,,PMID not found and no local snapshot grants
ultravideo/uvgRTP,10.1109/ICMEW53276.2021.9455968,,False,,0,0,0,,,,,,,,,,,,,,PMID not found and no local snapshot grants
UM-LPM/EARS,10.1016/j.asoc.2017.01.011,,False,,0,0,0,,,,,,,,,,,,,,PMID not found and no local snapshot grants
UniMelbHumanRoboticsLab/CANOpenRobotController,10.1007/978-3-030-69547-7_47,,False,,0,0,0,,,,,,,,,,,,,,PMID not found and no local snapshot grants
UniprJRC/FSDA,10.1016/j.chemolab.2012.03.017,,False,,0,0,0,,,,,,,,,,,,,,PMID not found and no local snapshot grants
uoftcprg/pokerkit,10.1109/TG.2023.3325637,,False,,0,0,0,,,,,,,,,,,,,,PMID not found and no local snapshot grants
uricamic/clandmark,10.1016/j.imavis.2016.02.004,,True,Other,3,3,0,ERC-CZ LL1303; SGS15/201/OHK3/3T/13; TE01020197,,,,Other,,,,Other,,,,,OK
USEPA/CompTox-ExpoCast-httk,10.1080/17425255.2021.1935867,34056988,False,,0,0,0,,,,,,,,,,,,,,Not in NIH RePORTER
usnistgov/feasst,10.1063/5.0224283,39234968,False,,0,0,0,,,,,,,,,,,,,,Not in NIH RePORTER
uvacw/osd2f,10.31235/osf.io/xjk6t,,True,Other,2,0,2,,,,,,,,STICHTING VU,Other,EUR:1496671,,2021-01-01 00:00:00,2025-12-31 00:00:00,OK
uw-madison-chem-shops/wisconsin-photoreactor,10.1021/acs.orglett.1c01910,34161103,True,NIH; NSF,2,2,0,1S10OD020022-01; CHE-1904940,S10OD020022,UNIVERSITY OF WISCONSIN-MADISON,WI,OD; NSF,USD:482659,482659.0,UNIVERSITY OF WISCONSIN-MADISON,OD; NSF,USD:482659,482659.0,2015-02-10T00:00:00,2016-02-09T00:00:00,OK
uzh-rpg/rpg_ultimate_slam_open,10.1109/LRA.2018.2793357,,False,,0,0,0,,,,,,,,,,,,,,PMID not found and no local snapshot grants
uzh-rpg/rpg_vid2e,10.1109/CVPR42600.2020.00364,,False,,0,0,0,,,,,,,,,,,,,,PMID not found and no local snapshot grants
UZ-SLAMLab/ORB_SLAM3,10.1109/TRO.2021.3075644,,False,,0,0,0,,,,,,,,,,,,,,PMID not found and no local snapshot grants
V69dxz/dearscholar,10.21105/joss.02506,,True,Other,1,0,1,,,,,,,,,Other,,,,,OK
VARID-XR/VARID-plugin-ue4,10.1038/s41746-020-0242-6,32195367,True,Other,1,1,0,1854/1855,,,,Other,,,,Other,,,,,Not in NIH RePORTER (non-NIH funder via local snapshot)
venturi123/DRLinFluids,10.1016/j.jcp.2025.113893,,False,,0,0,0,,,,,,,,,,,,,,PMID not found and no local snapshot grants
verilog-to-routing/vtr-verilog-to-routing,10.1145/3734798,,False,,0,0,0,,,,,,,,,,,,,,PMID not found and no local snapshot grants
VerticalResearchGroup/miaow,10.1145/2764908,,False,,0,0,0,,,,,,,,,,,,,,PMID not found and no local snapshot grants
VespucciProject/Vespucci,10.5334/jors.91,,False,,0,0,0,,,,,,,,,,,,,,PMID not found and no local snapshot grants
vhive-serverless/STeLLAR,10.1109/IISWC53511.2021.00016,,False,,0,0,0,,,,,,,,,,,,,,PMID not found and no local snapshot grants
vhive-serverless/vHive,10.1145/3445814.3446714,,False,,0,0,0,,,,,,,,,,,,,,PMID not found and no local snapshot grants
VLSIDA/OpenRAM,10.1145/2966986.2980098,,True,NSF,1,1,0,1205685,,Oklahoma State University,,NSF,USD:384601,384601.0,Oklahoma State University,NSF,USD:384601,384601.0,2012-08-01 00:00:00,2016-07-31 00:00:00,OK
volkamerlab/teachopencadd,10.1186/s13321-019-0351-x,30963287,True,Other,2,2,0,391684253; 031A262C,,,,Other,EUR:549708,,,Other,EUR:549708,,2017-01-01 00:00:00,2022-12-31 00:00:00,Not in NIH RePORTER (non-NIH funder via local snapshot)
vsoch/containershare,10.21105/joss.00878,,False,,0,0,0,,,,,,,,,,,,,,PMID not found and no local snapshot grants
VTTI-CSM/NeTrainSim,10.1007/s40534-024-00331-x,,True,Other,1,1,0,DE-AR0001471,,,,Other,,,,Other,,,,,OK
VTT-ProperTune/OpenPFC,10.1088/1361-651X/ad269e,,False,,0,0,0,,,,,,,,,,,,,,PMID not found and no local snapshot grants
w4k2/stream-learn,10.1016/j.neucom.2021.10.120,,False,,0,0,0,,,,,,,,,,,,,,PMID not found and no local snapshot grants
wahabk/Clinostat,10.1038/s41598-026-40665-6,41708794,True,Other,1,0,1,,,,,,,,,Other,,,,,Not in NIH RePORTER (non-NIH funder via local snapshot)
waiwera/waiwera,10.1016/j.cageo.2020.104529,,False,,0,0,0,,,,,,,,,,,,,,PMID not found and no local snapshot grants
wcmc-its/ReCiter,10.1371/journal.pone.0244641,33793563,True,NIH,2,0,2,,,,,,,,WEILL MEDICAL COLL OF CORNELL UNIV,NCATS,USD:16719187,16719187.0,2007-09-17T00:00:00,2027-06-30T00:00:00,OK
WebFuzzing/EvoMaster,10.1145/3293455,,True,Other,1,1,0,274385,,,,Other,,,,Other,,,,,OK
weisongwen/GraphGNSSLib,10.1109/ICRA48506.2021.9562037,,False,,0,0,0,,,,,,,,,,,,,,PMID not found and no local snapshot grants
weisongwen/UrbanNavDataset,10.1007/s10291-020-01052-4,,True,Other,1,1,0,2019BSCX25,,,,Other,,,,Other,,,,,OK
wendykierp/JTransforms,10.1007/978-3-540-69384-0_77,,False,,0,0,0,,,,,,,,,,,,,,PMID not found and no local snapshot grants
WM-SEMERU/SecureReqNet,10.1109/ICSME.2019.00024,,False,,0,0,0,,,,,,,,,,,,,,PMID not found and no local snapshot grants
worlddynamics/WorldDynamics.jl,10.21105/joss.05772,,True,Other,4,0,4,,,,,,,,INRIA siège; EPA VILLA ARSON,Other,EUR:100462021,,2016-04-23 00:00:00,,OK
xzhang66/MPM3D-F90,10.1016/B978-0-12-407716-4.00001-6,,False,,0,0,0,,,,,,,,,,,,,,PMID not found and no local snapshot grants
yegor256/cam,10.48550/arXiv.2403.08488,,False,,0,0,0,,,,,,,,,,,,,,PMID not found and no local snapshot grants
YingyiLiu/HAMS,10.3390/jmse7030081,,False,,0,0,0,,,,,,,,,,,,,,PMID not found and no local snapshot grants
yiyuzhuang/IDOL,10.1109/CVPR52734.2025.02450,,False,,0,0,0,,,,,,,,,,,,,,PMID not found and no local snapshot grants
ylongqi/openrec,10.1145/3159652.3159681,,True,NSF,1,0,1,,,,,,,,Cornell University,NSF,USD:1199998,1199998.0,2017-08-01 00:00:00,2022-07-31 00:00:00,OK
yxgeee/OpenIBL,10.1007/978-3-030-58548-8_22,,False,,0,0,0,,,,,,,,,,,,,,PMID not found and no local snapshot grants
zer011b/fdtd3d,10.1007/978-3-319-71255-0_27,,False,,0,0,0,,,,,,,,,,,,,,PMID not found and no local snapshot grants
ZGC-LLM-Safety/TrafficLLM,10.1016/j.comnet.2025.111847,,False,,0,0,0,,,,,,,,,,,,,,PMID not found and no local snapshot grants
ZhaoZhibin/DL-based-Intelligent-Diagnosis-Benchmark,10.1016/j.isatra.2020.08.010,32854956,True,Other,2,2,0,51835009; 51705398,,西安交通大学,,Other,CNY:3000000,,西安交通大学,Other,CNY:3000000,,2018-01-01 00:00:00,2023-12-31 00:00:00,Not in NIH RePORTER (non-NIH funder via local snapshot)
ZJU-FAST-Lab/Fast-Racing,10.1109/LRA.2021.3113976,,False,,0,0,0,,,,,,,,,,,,,,PMID not found and no local snapshot grants
zslwyuan/AMF-Placer,10.1109/TCAD.2024.3373357,,False,,0,0,0,,,,,,,,,,,,,,PMID not found and no local snapshot grants
0xTCG/aldy,10.1038/s41467-018-03273-1,29483503,True,NIH,4,0,4,,,,,,,,MAYO CLINIC ROCHESTER; INDIANA UNIVERSITY INDIANAPOLIS; MASSACHUSETTS INSTITUTE OF TECHNOLOGY,NIGMS; NHGRI; NIH,USD:2931519,2931519.0,2000-04-01T00:00:00,2020-08-31T00:00:00,OK
0xTCG/biser,10.1186/s13015-022-00210-2,35303886,True,Other,3,0,3,,,,,,,,,Other,,,,,Not in NIH RePORTER (non-NIH funder via local snapshot)
0xTCG/sequre,10.1186/s13059-022-02841-5,36631897,True,NIH,3,2,1,5R01HG010959-04; NIH R01,R01HG010959,MASSACHUSETTS INSTITUTE OF TECHNOLOGY,MA,NHGRI; NIH,USD:465267,465267.0,MASSACHUSETTS INSTITUTE OF TECHNOLOGY; YALE UNIVERSITY,NHGRI; OD; NIH,USD:715267,715267.0,2020-09-18T00:00:00,2026-08-31T00:00:00,OK
4dn-dcic/tibanna,10.1093/bioinformatics/btz379,31077294,True,NIH,1,1,0,5U01CA200059-10,U01CA200059,HARVARD MEDICAL SCHOOL,MA,NCI,USD:1955511,1955511.0,HARVARD MEDICAL SCHOOL,NCI,USD:1955511,1955511.0,2015-09-07T00:00:00,2026-08-31T00:00:00,OK
ababaian/LIONS,10.1093/bioinformatics/btz130,30793157,False,,0,0,0,,,,,,,,,,,,,,Not in NIH RePORTER
ababaian/serratus,10.1038/s41586-021-04332-2,35082445,True,Other,9,0,9,,,,,,,,"Université Paris Cité; Centre de Recherche en Informatique, Signal et Automatique de Lille; Centre Île-de-France - Jouy-en-Josas - Antony",Other,EUR:36019949,,2017-01-01 00:00:00,,Not in NIH RePORTER (non-NIH funder via local snapshot)
ACEnglish/truvari,10.1186/s13059-022-02840-6,36575487,True,NIH; Other,2,1,1,HHSN268201800002I,,,,Other,,,BAYLOR COLLEGE OF MEDICINE,NHGRI; Other,USD:11520998,11520998.0,2016-01-14T00:00:00,2022-05-31T00:00:00,OK
aCLImatise/CliHelpParser,10.1093/bioinformatics/btaa1033,33325479,False,,0,0,0,,,,,,,,,,,,,,Not in NIH RePORTER
AdaptInfer/Contextualized,10.21105/joss.06469,,False,,0,0,0,,,,,,,,,,,,,,PMID not found and no local snapshot grants
adeschen/methylInheritance,10.1093/nar/gky362,29750268,True,Other,3,2,1,TE1-138294; 2015-022-ACF,,,,Other,,,,Other,,,,,Not in NIH RePORTER (non-NIH funder via local snapshot)
Adibvafa/CodonTransformer,10.1038/s41467-025-58588-7,40180930,True,Other,1,1,0,RGPIN-2020,,,,Other,,,,Other,,,,,Not in NIH RePORTER (non-NIH funder via local snapshot)
adnaniazi/tailfindr,10.1261/rna.071332.119,31266821,True,Other,2,2,0,#250049; 250049,,,,Other,,,,Other,,,,,Not in NIH RePORTER (non-NIH funder via local snapshot)
aidanfoo96/MINUUR,10.12688/wellcomeopenres.19155.1,37577055,True,Other,16,2,14,217303; RSWF\R1\180013,,Liverpool School of Tropical Medicine,,Other,GBP:98500,,Liverpool School of Tropical Medicine,Other,GBP:4324603; USD:1866079,1866079.0,2016-09-30 00:00:00,2027-04-01 00:00:00,Not in NIH RePORTER (non-NIH funder via local snapshot)
aidenlab/juicer,10.1016/j.cels.2016.07.002,27467249,True,NIH,4,2,2,5U01HL130010-05; 4DP2OD008540-03,U01HL130010; DP2OD008540,BAYLOR COLLEGE OF MEDICINE,TX,NHLBI; OD,USD:697922,697922.0,"BROAD INSTITUTE, INC.; BAYLOR COLLEGE OF MEDICINE",NHGRI; NHLBI; OD,USD:12608982,12608982.0,2003-11-10T00:00:00,2022-04-30T00:00:00,OK
akcorut/kGWASflow,10.1093/g3journal/jkad246,37976215,True,NSF; Other,2,0,2,,,,,,,,University of Georgia,NSF; Other,USD:1353634,1353634.0,2019-01-01 00:00:00,2025-12-31 00:00:00,Not in NIH RePORTER (non-NIH funder via local snapshot)
akensert/molgraph,10.1007/s10822-024-00578-w,39636382,True,Other,1,1,0,EOS ID: 30897864,,,,Other,,,,Other,,,,,Not in NIH RePORTER (non-NIH funder via local snapshot)
akikuno/cstag,10.21105/joss.06066,,False,,0,0,0,,,,,,,,,,,,,,PMID not found and no local snapshot grants
akikuno/DAJIN,10.1371/journal.pbio.3001507,35041655,True,Other,4,0,4,,,,,,,,国立大学法人筑波大学,Other,JPY:30000000,,2018-10-15 00:00:00,2021-03-31 00:00:00,Not in NIH RePORTER (non-NIH funder via local snapshot)
akikuno/DAJIN2,10.1371/journal.pbio.3001507,35041655,True,Other,4,4,0,20ae0201011h0003; JPMJPF2017; 19H03142:; 19H03142,,国立大学法人筑波大学,,Other,JPY:30000000,,国立大学法人筑波大学,Other,JPY:30000000,,2018-10-15 00:00:00,2021-03-31 00:00:00,Not in NIH RePORTER (non-NIH funder via local snapshot)
akikuno/TSUMUGI-dev,10.1093/database/bat025,23660285,True,NIH; Other,7,0,7,,,,,,,,UNIV OF NORTH CAROLINA CHAPEL HILL; UNIVERSITY OF CALIF-LAWRENC BERKELEY LAB,OD; NHGRI; Other; NIH,USD:1402652,1402652.0,2009-09-30T00:00:00,2025-08-31T00:00:00,OK
akiyamalab/MEGADOCK,10.1093/bioinformatics/btu532,25100686,False,,0,0,0,,,,,,,,,,,,,,Not in NIH RePORTER
alastair-droop/fqtools,10.1093/bioinformatics/btw088,27153699,True,Other,3,2,1,MR/LO1629X; MR/L01629X/1,,,,Other,,,,Other,,,,,Not in NIH RePORTER (non-NIH funder via local snapshot)
alekseyzimin/masurca,10.1093/bioinformatics/btt476,23990416,True,NIH,3,0,3,,,,,,,,"CARNEGIE-MELLON UNIVERSITY; JOHNS HOPKINS UNIVERSITY; UNIV OF MARYLAND, COLLEGE PARK",NHGRI,USD:2207725,2207725.0,1999-09-01T00:00:00,2029-08-31T00:00:00,OK
AlexandrovLab/SigProfilerClusters,10.1093/bioinformatics/btac335,35595234,True,NIH; Other,4,1,3,5R01ES032547-05,R01ES032547,"UNIVERSITY OF CALIFORNIA, SAN DIEGO",CA,NIEHS,USD:424224,424224.0,"UNIVERSITY OF CALIFORNIA, SAN DIEGO; UNIVERSITY OF NEW MEXICO HEALTH SCIS CTR",NIEHS; Other,USD:788668,788668.0,2020-04-06T00:00:00,2026-01-31T00:00:00,OK
AlexandrovLab/SigProfilerExtractorR,10.1016/j.xgen.2022.100179,36388765,True,NIH; Other,25,3,22,5R01MH116281-05; 5R01ES032547-05; 5R01CA269919-05,R01MH116281; R01ES032547; R01CA269919,"ENDEAVOR HEALTH CLINICAL OPERATIONS; UNIVERSITY OF CALIFORNIA, SAN DIEGO",IL; CA,NIMH; NIEHS; NCI,USD:1156726,1156726.0,"ENDEAVOR HEALTH CLINICAL OPERATIONS; UNIVERSITY OF CALIFORNIA, SAN DIEGO; UNIVERSITY OF NEW MEXICO HEALTH SCIS CTR; BECKMAN RESEARCH INSTITUTE/CITY OF HOPE; UNIVERSITY OF CALIFORNIA, SAN FRANCISCO",NIMH; NIEHS; NCI; Other,USD:2473065,2473065.0,1992-09-09T00:00:00,2027-06-30T00:00:00,OK
AlexandrovLab/SigProfilerExtractor,10.1016/j.xgen.2022.100179,36388765,True,NIH; Other,25,5,20,5R01MH116281-05; 5R01ES032547-05; 5R01CA269919-05; 21777; 24032,R01MH116281; R01ES032547; R01CA269919,"ENDEAVOR HEALTH CLINICAL OPERATIONS; UNIVERSITY OF CALIFORNIA, SAN DIEGO",IL; CA,NIMH; NIEHS; NCI; Other,USD:1156726,1156726.0,"ENDEAVOR HEALTH CLINICAL OPERATIONS; UNIVERSITY OF CALIFORNIA, SAN DIEGO; UNIVERSITY OF NEW MEXICO HEALTH SCIS CTR; BECKMAN RESEARCH INSTITUTE/CITY OF HOPE; UNIVERSITY OF CALIFORNIA, SAN FRANCISCO",NIMH; NIEHS; NCI; Other,USD:2473065,2473065.0,1992-09-09T00:00:00,2027-06-30T00:00:00,OK
AlexandrovLab/SigProfilerMatrixGeneratorR,10.1186/s12864-019-6041-2,31470794,True,Other,5,0,5,,,,,,,,,Other,,,,,Not in NIH RePORTER (non-NIH funder via local snapshot)
AlexandrovLab/SigProfilerMatrixGenerator,10.1186/s12864-019-6041-2,31470794,True,Other,5,4,1,CIRG/1422/2015; 24032; MOH-000032/MOH-CIRG18may-0004; NMRC/CIRG/1422/2015,,,,Other,,,,Other,,,,,Not in NIH RePORTER (non-NIH funder via local snapshot)
AlexsLemonade/scpca-portal,10.1016/j.xgen.2026.101283,42341749,False,,0,0,0,,,,,,,,,,,,,,Not in NIH RePORTER
algbio/ggcat,10.1101/gr.277615.122,37253540,True,Other,5,4,1,322595; 346968; Horizon 2020; 352821,,,,Other,EUR:871852,,Helsinki Art Museum,Other,EUR:2370219,,2019-01-01 00:00:00,2026-08-31 00:00:00,Not in NIH RePORTER (non-NIH funder via local snapshot)
alguoo314/JASPER,10.1371/journal.pcbi.1011032,37000853,True,NIH; NSF; Other,5,3,2,1744309; IOS-1744309; R35-GM130151,,Johns Hopkins University,,NSF; NIH,USD:774675,774675.0,JOHNS HOPKINS UNIVERSITY; Johns Hopkins University,NHGRI; NSF; Other; NIH,USD:2640140,2640140.0,1999-09-01T00:00:00,2029-08-31T00:00:00,OK
algorun/algorun,10.1093/bioinformatics/btw120,27153722,True,NIH,1,0,1,,,,,,,,JACKSON LABORATORY,NCI,USD:1260000,1260000.0,1997-08-01T00:00:00,2030-06-30T00:00:00,OK
Al-Murphy/MungeSumstats,10.1093/bioinformatics/btab665,34601555,True,Other,1,0,1,,,,,,,,,Other,GBP:1224262,,2021-02-01 00:00:00,2026-01-31 00:00:00,Not in NIH RePORTER (non-NIH funder via local snapshot)
althonos/pyhmmer,10.1093/bioinformatics/btad214,37074928,True,Other,3,2,1,SFB 1371; 031L0181A,,,,Other,,,Technische Universität München (TUM),Other,EUR:5167258,,2019-01-01 00:00:00,2019-12-31 00:00:00,Not in NIH RePORTER (non-NIH funder via local snapshot)
althonos/pyrodigal,10.21105/joss.04296,,True,Other,2,0,2,,,,,,,,Technische Universität München (TUM),Other,EUR:5167258,,2019-01-01 00:00:00,2019-12-31 00:00:00,OK
a-ludi/dentist,10.1093/gigascience/giab100,35077539,False,,0,0,0,,,,,,,,,,,,,,Not in NIH RePORTER
amchakra/tosca,10.1101/2022.06.13.495933,,True,Other,7,6,1,215593/Z/19/Z; FC010110; SGL023\1085; FC010110; 215593/Z/19/Z; /Z/15/Z; 110292/Z/15/Z,,,,Other,,,University College London,Other,GBP:2273712,,2020-01-01 00:00:00,2025-01-01 00:00:00,OK
amkozlov/raxml-ng,10.1093/molbev/msad227,37804116,True,Other,1,0,1,,,,,,,,IDRYMA TECHNOLOGIAS KAI EREVNAS,Other,EUR:2400000,,2023-01-01 00:00:00,2027-12-31 00:00:00,Not in NIH RePORTER (non-NIH funder via local snapshot)
Amyris/GslCore,10.1007/978-1-4939-7795-6_21,29754240,False,,0,0,0,,,,,,,,,,,,,,Not in NIH RePORTER
andrewjpage/tiptoft,10.1128/AAC.02412-14,24777092,False,,0,0,0,,,,,,,,,,,,,,Not in NIH RePORTER
andrewrech/antigen.garnish,10.1016/j.cels.2019.08.009,31606370,True,NIH,3,0,3,,,,,,,,UNIVERSITY OF PENNSYLVANIA,NCI,USD:7314538,7314538.0,1997-01-15T00:00:00,2027-11-30T00:00:00,OK
anne-gcd/MTG-Link,10.1186/s12859-023-05395-w,37452278,True,Other,4,2,2,ANR-18-CE02-0019; ANR-18,,Centre d'Ecologie Fonctionnelle et Evolutive,,Other,EUR:618955,,Centre d'Ecologie Fonctionnelle et Evolutive,Other,EUR:4429586,,2018-01-01 00:00:00,,Not in NIH RePORTER (non-NIH funder via local snapshot)
antigenomics/vdjdb-db,10.1038/s41592-022-01578-0,35970936,True,Other,7,1,6,20-15-00395,,,,Other,,,University of Melbourne,Other,AUD:3437065,,,,Not in NIH RePORTER (non-NIH funder via local snapshot)
AntonelliLab/seqcap_processor,10.7717/peerj.5175,30023140,True,Other,1,1,0,B0569601,,,,Other,,,,Other,,,,,Not in NIH RePORTER (non-NIH funder via local snapshot)
anuradhawick/LRBinner,10.1186/s13015-022-00221-z,35821155,False,,0,0,0,,,,,,,,,,,,,,Not in NIH RePORTER
apriha/snps,10.1016/j.csbj.2021.06.040,34285776,False,,0,0,0,,,,,,,,,,,,,,Not in NIH RePORTER
aquaskyline/16GT,10.1093/gigascience/gix045,28637275,True,NIH,3,3,0,5R01HL129239-03; R01-HG006677; HG006677,R01HL129239,JOHNS HOPKINS UNIVERSITY,MD,NHLBI; NIH,USD:292604,292604.0,JOHNS HOPKINS UNIVERSITY,NHLBI; NIH,USD:292604,292604.0,2015-07-01T00:00:00,2019-06-30T00:00:00,OK
aquaskyline/Clairvoyante,10.41467/s41467-019-09025-z,,False,,0,0,0,,,,,,,,,,,,,,PMID not found and no local snapshot grants
aquaskyline/SOAPdenovo2,10.1186/2047-217X-1-18,23587118,False,,0,0,0,,,,,,,,,,,,,,Not in NIH RePORTER
arendsee/phylostratr,10.1093/bioinformatics/btz171,30873536,True,NSF,2,0,2,,,,,,,,Iowa State University,NSF,USD:2175310,2175310.0,2016-08-01 00:00:00,2022-07-31 00:00:00,Not in NIH RePORTER (non-NIH funder via local snapshot)
a-r-j/graphein,10.1101/2020.07.15.204701,,True,Other,1,0,1,,,,,,,,,Other,,,,,OK
arosenfeld/immunedb,10.1093/bioinformatics/btw593,27616708,True,NIH,2,0,2,,,,,,,,COLUMBIA UNIVERSITY HEALTH SCIENCES,NIAID; NIH,USD:1870652,1870652.0,2013-06-01T00:00:00,2031-04-30T00:00:00,OK
arshajii/ema,10.1101/gr.260380.119,32540955,True,NIH,1,0,1,,,,,,,,"UNIVERSITY OF CALIFORNIA, SAN DIEGO",NIGMS,USD:1416669,1416669.0,2003-08-01T00:00:00,2026-06-30T00:00:00,OK
art-egorov/lovis4u,10.1093/nargab/lqaf009,40007724,True,Other,3,3,0,2023-02353; 2022-01205; 2020-0037,,,,Other,,,,Other,,,,,Not in NIH RePORTER (non-NIH funder via local snapshot)
aryeelab/hichipper,10.1101/192302,,False,,0,0,0,,,,,,,,,,,,,,PMID not found and no local snapshot grants
AstrobioMike/bit,10.12688/f1000research.79530.1,,False,,0,0,0,,,,,,,,,,,,,,PMID not found and no local snapshot grants
aureliolfdez/bioscience,10.1016/j.softx.2024.101666,,False,,0,0,0,,,,,,,,,,,,,,PMID not found and no local snapshot grants
AuReMe/metage2metabo,10.7554/eLife.61968,33372654,False,,0,0,0,,,,,,,,,,,,,,Not in NIH RePORTER
AusARG/pipesnake,10.1093/bioinformatics/btae195,38597877,True,Other,1,0,1,,,,,,,,,Other,,,,,Not in NIH RePORTER (non-NIH funder via local snapshot)
awslabs/dgl-lifesci,10.1021/acsomega.1c04017,34693143,False,,0,0,0,,,,,,,,,,,,,,Not in NIH RePORTER
ay-lab/dcHiC,10.1038/s41467-022-34626-6,36369226,True,NIH,1,1,0,5R35GM128938-08,R35GM128938,LA JOLLA INSTITUTE FOR IMMUNOLOGY,CA,NIGMS,USD:270000,270000.0,LA JOLLA INSTITUTE FOR IMMUNOLOGY,NIGMS,USD:270000,270000.0,2018-08-01T00:00:00,2028-07-31T00:00:00,OK
ayueme/easyTCGA,10.1186/s13059-022-02648-4,35292087,True,NIH; NSF; Other,8,2,6,5R01CA228140-05; DMS-2113754,R01CA228140,UNIVERSITY OF CALIFORNIA-IRVINE,CA,NCI; NSF,USD:367030,367030.0,FRED HUTCHINSON CANCER CENTER; UNIVERSITY OF CALIFORNIA LOS ANGELES; UNIVERSITY OF CALIFORNIA-IRVINE; University of California-Los Angeles,NIGMS; NCI; NSF; Other,USD:1644674,1644674.0,2015-12-01T00:00:00,2027-05-31T00:00:00,OK
babinyurii/recan,10.21105/joss.02014,,False,,0,0,0,,,,,,,,,,,,,,PMID not found and no local snapshot grants
BackofenLab/IntaRNA,10.1093/nar/gkx279,28472523,True,Other,4,4,0,BA 2168/14-1; 2168/14-1; BA 2168/16-1; /14-1,,,,Other,,,,Other,,,,,Not in NIH RePORTER (non-NIH funder via local snapshot)
bacpop/ska.rust,10.1101/gr.279449.124,39406504,True,Other,4,3,1,MR/T016434/1; NIHR200927; MR/ X020258/1,,,,Other,GBP:558204,,,Other,GBP:5064375,,2018-03-31 00:00:00,2023-12-14 00:00:00,Not in NIH RePORTER (non-NIH funder via local snapshot)
bacpop/sketchlib.rust,10.64898/2025.12.30.695181,,False,,0,0,0,,,,,,,,,,,,,,PMID not found and no local snapshot grants
bailey-lab/SeekDeep,10.1093/nar/gkx1201,29202193,True,NIH,2,1,1,5R01AI099473-04,R01AI099473,UNIV OF MASSACHUSETTS MED SCH WORCESTER,MA,NIAID,USD:339488,339488.0,UNIV OF NORTH CAROLINA CHAPEL HILL; UNIV OF MASSACHUSETTS MED SCH WORCESTER,NIGMS; NIAID,USD:697152,697152.0,1975-07-01T00:00:00,2020-06-30T00:00:00,OK
BAMeScience/fiora,10.1038/s41467-025-57422-4,40055306,False,,0,0,0,,,,,,,,,,,,,,Not in NIH RePORTER
BaranziniLab/KG_RAG,10.1093/bioinformatics/btae560,39288310,True,NIH; NSF,2,1,1,NSF_2033569,,,,NSF,,,INSTITUTE FOR SYSTEMS BIOLOGY,NCATS; NSF,USD:389843,389843.0,2020-01-24T00:00:00,2025-02-28T00:00:00,OK
barsnes-group/peptide-shaker-online,10.1021/acs.jproteome.1c00678,34709836,True,Other,2,2,0,BFS2016REK02; 301178,,,,Other,,,,Other,,,,,Not in NIH RePORTER (non-NIH funder via local snapshot)
BartvanderWoude/Complexity-pretext-task-on-organoid-segmentation,10.1145/3637732.3637772,,True,Other,1,0,1,,,,,,,,,Other,,,,,OK
barupal/ChemRICH,10.1038/s41598-017-15231-w,29109515,True,NIH,1,0,1,,,,,,,,UNIVERSITY OF CALIFORNIA AT DAVIS,NIDDK,USD:303822,303822.0,2012-09-04T00:00:00,2018-08-31T00:00:00,OK
Bayer-Group/cellenium,10.1093/bioinformatics/btad349,37261846,False,,0,0,0,,,,,,,,,,,,,,Not in NIH RePORTER
bbglab/openvariant,10.1093/bioinformatics/btae714,39663244,True,Other,1,0,1,,,,,,,,Fundació Clínic per a la Recerca Biomèdica,Other,EUR:1995829,,2016-12-01 00:00:00,2023-08-31 00:00:00,Not in NIH RePORTER (non-NIH funder via local snapshot)
bcgsc/arcs,10.1186/s12859-018-2243-x,29925315,True,NIH; Other,3,3,0,3R01HG007182-08S1; 243FOR; BCB11101,R01HG007182,PROVINCIAL HEALTH SERVICES AUTHORITY,BC,NHGRI; NIH; Other,USD:177111,177111.0,PROVINCIAL HEALTH SERVICES AUTHORITY,NHGRI; NIH; Other,USD:177111,177111.0,2022-03-10T00:00:00,2023-03-31T00:00:00,OK
bcgsc/goldrush,10.1038/s41467-023-38716-x,37217507,True,NIH; Other,2,2,0,3R01HG007182-08S1; PJT-183608,R01HG007182,PROVINCIAL HEALTH SERVICES AUTHORITY,BC,NHGRI; Other,USD:177111,177111.0,PROVINCIAL HEALTH SERVICES AUTHORITY,NHGRI; Other,USD:177111,177111.0,2022-03-10T00:00:00,2023-03-31T00:00:00,OK
bcgsc/ntHash,10.1093/bioinformatics/btac564,36000872,False,,0,0,0,,,,,,,,,,,,,,Not in NIH RePORTER
bcgsc/mavis,10.1093/bioinformatics/bty621,30016509,False,,0,0,0,,,,,,,,,,,,,,Not in NIH RePORTER
bcgsc/pavfinder,10.1093/bioinformatics/btz902,31790154,True,NIH,1,1,0,3R01HG007182-08S1,R01HG007182,PROVINCIAL HEALTH SERVICES AUTHORITY,BC,NHGRI,USD:177111,177111.0,PROVINCIAL HEALTH SERVICES AUTHORITY,NHGRI,USD:177111,177111.0,2022-03-10T00:00:00,2023-03-31T00:00:00,OK
bcgsc/ntLink,10.1186/s12859-021-04451-7,34717540,True,NIH; Other,3,3,0,3R01HG007182-08S1; 281ANV; 243FOR,R01HG007182,PROVINCIAL HEALTH SERVICES AUTHORITY,BC,NHGRI; Other,USD:177111,177111.0,PROVINCIAL HEALTH SERVICES AUTHORITY,NHGRI; Other,USD:177111,177111.0,2022-03-10T00:00:00,2023-03-31T00:00:00,OK
bcgsc/straglr,10.1186/s13059-021-02447-3,34389037,True,Other,2,2,0,281ANV; 16907,,,,Other,,,,Other,,,,,Not in NIH RePORTER (non-NIH funder via local snapshot)
bcgsc/tigmint,10.1186/s12859-018-2425-6,30367597,True,NIH,1,1,0,3R01HG007182-08S1,R01HG007182,PROVINCIAL HEALTH SERVICES AUTHORITY,BC,NHGRI,USD:177111,177111.0,PROVINCIAL HEALTH SERVICES AUTHORITY,NHGRI,USD:177111,177111.0,2022-03-10T00:00:00,2023-03-31T00:00:00,OK
bcgsc/transabyss,10.1038/nmeth.1517,20935650,False,,0,0,0,,,,,,,,,,,,,,Not in NIH RePORTER
becavin-lab/bacnet,10.1371/journal.pgen.1007749,30403660,True,Other,6,0,6,,,,,,,,INSTITUT PASTEUR; ANSES,Other,EUR:47285917,,2011-04-13 00:00:00,2022-08-31 00:00:00,Not in NIH RePORTER (non-NIH funder via local snapshot)
bedops/bedops,10.1093/bioinformatics/bts277,22576172,True,NIH,2,0,2,,,,,,,,UNIVERSITY OF WASHINGTON,NHGRI; NIEHS,USD:1151681,1151681.0,2007-09-29T00:00:00,2016-03-31T00:00:00,OK
beiko-lab/gengis,10.7287/peerj.preprints.15,,False,,0,0,0,,,,,,,,,,,,,,PMID not found and no local snapshot grants
bel-commons/bel-commons,10.1093/database/bay126,30576488,True,Other,2,2,0,115568; FP7/2007-2013,,,,Other,,,,Other,,,,,Not in NIH RePORTER (non-NIH funder via local snapshot)
Benjamin-Lee/CodonAdaptationIndex,10.21105/joss.00905,,False,,0,0,0,,,,,,,,,,,,,,PMID not found and no local snapshot grants
Benjamin-Lee/deep-rules,10.1371/journal.pcbi.1009803,35324884,True,NIH; Other; NSF,18,0,18,,,,,,,,"JOHNS HOPKINS UNIVERSITY; PRINCETON UNIVERSITY; HARVARD MEDICAL SCHOOL; GEORGETOWN UNIVERSITY; VAN ANDEL RESEARCH INSTITUTE; UNIVERSITY OF COLORADO DENVER; MORGRIDGE INSTITUTE FOR RESEARCH, INC.; UNIVERSITY OF MARYLAND BALTIMORE; H. LEE MOFFITT CANCER CTR & RES INST; Morgridge Institute for Research",NCI; NHGRI; NIGMS; NIAID; NHLBI; NIDCR; Other; NSF; NIH,USD:10722386,10722386.0,1997-05-07T00:00:00,2030-07-31T00:00:00,OK
benjjneb/decontam,10.1186/s40168-018-0605-2,30558668,True,NIH,3,1,2,NIH R01,,,,NIH,,,PALO ALTO VETERANS INSTIT FOR RESEARCH,NIDCR; NIAID; NIH,USD:1308097,1308097.0,2013-07-01T00:00:00,2021-06-30T00:00:00,OK
benjjneb/dada2,10.1038/nmeth.3869,27214047,True,NIH,1,0,1,,,,,,,,PALO ALTO VETERANS INSTIT FOR RESEARCH,NIAID,USD:904009,904009.0,2013-09-25T00:00:00,2020-08-31T00:00:00,OK
benn888/PRONAME,10.3389/fbinf.2024.1483255,39758955,False,,0,0,0,,,,,,,,,,,,,,Not in NIH RePORTER
BergmannLab/MONET,10.1093/bioinformatics/btaa236,32271874,True,Other,2,2,0,FN 310030_152724/1; 310030,,,,Other,,,,Other,,,,,Not in NIH RePORTER (non-NIH funder via local snapshot)
bernatgel/karyoploteR,10.1093/bioinformatics/btx346,28575171,True,Other,3,3,0,PI11/1609; RTICC RD12/0036/008; PI11/,,,,Other,,,,Other,,,,,Not in NIH RePORTER (non-NIH funder via local snapshot)
BernhoferM/TMbed,10.1186/s12859-022-04873-x,35941534,True,Other,1,1,0,01IS17049,,,,Other,,,,Other,,,,,Not in NIH RePORTER (non-NIH funder via local snapshot)
berntpopp/berntpopp,10.1002/humu.24451,35998261,False,,0,0,0,,,,,,,,,,,,,,Not in NIH RePORTER
BgeeDB/BgeeDB_R,10.12688/f1000research.9973.2,30467516,True,Other,3,3,0,153341; 31003A_153341; 31003A,,University of Lausanne,,Other,CHF:525000,,University of Lausanne,Other,CHF:525000,,2014-10-01 00:00:00,2018-01-31 00:00:00,Not in NIH RePORTER (non-NIH funder via local snapshot)
BigDataBiology/argNorm,10.1093/bioinformatics/btaf173,40238188,True,Other,2,0,2,,,,,,,,Queensland University of Technology,Other,AUD:510188,,,,Not in NIH RePORTER (non-NIH funder via local snapshot)
BigDataBiology/macrel,10.7717/peerj.10555,33384902,True,Other,5,4,1,"61932008, 61772368; 61772368; 2018YFC0910500; 2020YFA0712403",,复旦大学,,Other,CNY:670000,,复旦大学,Other,CNY:3730000,,2017-01-01 00:00:00,2024-12-31 00:00:00,Not in NIH RePORTER (non-NIH funder via local snapshot)
BigDataBiology/SemiBin,10.1038/s41467-022-29843-y,35484115,True,Other,5,5,0,61772368; 61932008; 2020YFA0712403; 31950410544; 2018SHZDZX01,,复旦大学,,Other,CNY:3730000,,复旦大学,Other,CNY:3730000,,2017-01-01 00:00:00,2024-12-31 00:00:00,Not in NIH RePORTER (non-NIH funder via local snapshot)
bihealth/altamisa,10.21105/joss.01610,,False,,0,0,0,,,,,,,,,,,,,,PMID not found and no local snapshot grants
BimberLab/nimble,10.3389/fimmu.2025.1596760,40861433,True,NIH; Other,11,6,5,"U19 AI142759; AI142759; 75N93019C00070; 002377; 75N93019C00070, P01AI177688-01, R01AI161010, R01AI129703 , U19 AI142759-01; S10OD034224",,,,Other; NIH,,,OREGON HEALTH & SCIENCE UNIVERSITY; The General Hospital Corporation d/b/a Massachusetts General Hospital; Beth Israel Deaconess Medical Center,OD; NIAID; Other; NIH,USD:29014552,29014552.0,1997-05-01T00:00:00,2029-04-30T00:00:00,OK
BIMSBbioinfo/ikarus,10.1186/s13059-022-02683-1,35637521,True,Other,1,1,0,031 A538C RBC,,,,Other,,,,Other,,,,,Not in NIH RePORTER (non-NIH funder via local snapshot)
BIMSBbioinfo/maui,10.26508/lsa.201900517,31792061,False,,0,0,0,,,,,,,,,,,,,,Not in NIH RePORTER
BIMSBbioinfo/janggu,10.1038/s41467-020-17155-y,32661261,True,Other,1,1,0,FKZ 031L0101B,,,,Other,,,,Other,,,,,Not in NIH RePORTER (non-NIH funder via local snapshot)
BIMSBbioinfo/netSmooth,10.12688/f1000research.13511.2,29511531,False,,0,0,0,,,,,,,,,,,,,,Not in NIH RePORTER
BIMSBbioinfo/pigx_sars-cov-2,10.1016/j.scitotenv.2022.158931,36228784,False,,0,0,0,,,,,,,,,,,,,,Not in NIH RePORTER
BioArchLinux/Packages,10.1093/bioinformatics/btaf106,40067093,False,,0,0,0,,,,,,,,,,,,,,Not in NIH RePORTER
biocommons/biocommons.seqrepo,10.1371/journal.pone.0239883,33270643,False,,0,0,0,,,,,,,,,,,,,,Not in NIH RePORTER
biocommons/hgvs,10.1002/humu.23615,30129167,True,Other,3,1,2,204801/Z/16/Z,,,,Other,,,,Other,,,2017-01-01 00:00:00,2021-09-29 00:00:00,Not in NIH RePORTER (non-NIH funder via local snapshot)
biocommons/seqrepo-rest-service,10.1371/journal.pone.0239883,33270643,False,,0,0,0,,,,,,,,,,,,,,Not in NIH RePORTER
biocore/BIRDMAn,10.1101/2023.01.30.526328,36778470,True,NIH,6,0,6,,,,,,,,"NORTHERN ARIZONA UNIVERSITY; INDIANA UNIVERSITY INDIANAPOLIS; UNIVERSITY OF CALIFORNIA, SAN DIEGO",NCI; NIA; OD; NIGMS; NIH,USD:990102,990102.0,1975-07-01T00:00:00,2027-05-31T00:00:00,OK
bioconvert/bioconvert,10.1093/nargab/lqad074,37608802,True,Other,4,3,1,ANR 10-INBS-09-08; 10-INBS-09; 10-INBS-09-08,,,,Other,,,Fondation de France,Other,EUR:65987574,,2011-12-01 00:00:00,,Not in NIH RePORTER (non-NIH funder via local snapshot)
biocore/calour,10.1128/mSystems.00269-18,30701193,False,,0,0,0,,,,,,,,,,,,,,Not in NIH RePORTER
biocore/emperor,10.1186/2047-217X-2-16,24280061,False,,0,0,0,,,,,,,,,,,,,,Not in NIH RePORTER
biocore/qurro,10.1093/nargab/lqaa023,32391521,True,NIH; NSF,2,1,1,GRFP DGE-1144086,,,,NSF,,,"UNIVERSITY OF CALIFORNIA, SAN DIEGO",NIDCR; NSF,USD:22862,22862.0,2019-01-01T00:00:00,2020-05-31T00:00:00,OK
biocore/redbiom,10.1128/mSystems.00215-19,31239397,True,NIH,3,0,3,,,,,,,,"UNIVERSITY OF CALIFORNIA, SAN DIEGO; WASHINGTON UNIVERSITY",NIMH; NIDDK; NIDCR,USD:2185612,2185612.0,2001-04-24T00:00:00,2031-07-31T00:00:00,OK
biocypher/biocypher,10.1038/s41587-023-01848-y,37337100,True,Other,8,3,5,Horizon 2020; 031L0181B; 031L0212A,,,,Other,,,THE UNIVERSITY OF LIVERPOOL; Helsinki Art Museum,Other,EUR:22999335,,2017-01-01 00:00:00,2026-07-31 00:00:00,Not in NIH RePORTER (non-NIH funder via local snapshot)
biodatageeks/polars-bio,10.1093/bioinformatics/btaf640,41325273,False,,0,0,0,,,,,,,,,,,,,,Not in NIH RePORTER
BioDepot/BioDepot-workflow-builder,10.1145/3233547.3233665,,False,,0,0,0,,,,,,,,,,,,,,PMID not found and no local snapshot grants
BioDWH2/BioDWH2,10.1515/jib-2020-0033,33618440,False,,0,0,0,,,,,,,,,,,,,,Not in NIH RePORTER
bioexcel/biobb,10.1038/s41597-019-0177-4,31506435,False,,0,0,0,,,,,,,,,,,,,,Not in NIH RePORTER
bioFAM/mofaflex,10.1101/2025.11.03.686250,,False,,0,0,0,,,,,,,,,,,,,,PMID not found and no local snapshot grants
bioforensics/MicroHapDB,10.3389/fgene.2020.00781,32849792,False,,0,0,0,,,,,,,,,,,,,,Not in NIH RePORTER
biogo/biogo,10.21105/joss.00167,,False,,0,0,0,,,,,,,,,,,,,,PMID not found and no local snapshot grants
BioinfoMachineLearning/DIPS-Plus,10.1038/s41597-023-02409-3,37537186,True,NIH; NSF; Other,17,6,11,5R01GM093123-12; 1763246; 2308699; 1759934; DBI 1759934; IIS 1763246,R01GM093123,UNIVERSITY OF MISSOURI-COLUMBIA; University of Missouri-Columbia; University of Missouri,MO,NIGMS; NSF,USD:1947214,1947214.0,UNIVERSITY OF MISSOURI-COLUMBIA; University of Missouri-Columbia; University of Missouri,NIGMS; NSF; Other,USD:2159490,2159490.0,2010-06-01T00:00:00,2026-05-31T00:00:00,OK
bioinfomaticsCSU/deepsignal,10.1093/bioinformatics/btz276,30994904,True,Other; NSF,6,4,2,61828205; 61772557; 61732009; 61420106009,,,,Other,,,,Other; NSF,,,,,Not in NIH RePORTER (non-NIH funder via local snapshot)
bioinformatics-centre/kaiju,10.1038/ncomms11257,27071849,True,Other,5,0,5,,,,,,,,KOBENHAVNS UNIVERSITET,Other,EUR:5518544,,2011-04-01 00:00:00,2015-03-31 00:00:00,Not in NIH RePORTER (non-NIH funder via local snapshot)
BioinformaticsToolsmith/MeShClust,10.1093/nar/gky315,29718317,True,Other,1,1,0,PS17-015,,,,Other,,,,Other,,,,,Not in NIH RePORTER (non-NIH funder via local snapshot)
BioJulia/BioStructures.jl,10.1093/bioinformatics/btaa502,32407511,True,Other,1,0,1,,,,,,,,,Other,GBP:4345582,,2017-03-31 00:00:00,2023-03-30 00:00:00,Not in NIH RePORTER (non-NIH funder via local snapshot)
biologyguy/BuddySuite,10.1093/molbev/msx089,28333216,False,,0,0,0,,,,,,,,,,,,,,Not in NIH RePORTER
biomedicalinformaticsgroup/Sargasso,10.1038/s41596-018-0029-2,30250293,False,,0,0,0,,,,,,,,,,,,,,Not in NIH RePORTER
bio-miga/miga,10.1093/nar/gky467,29905870,True,NSF,2,2,0,1356380; 1356288,,Michigan State University; Georgia Institute of Technology,,NSF,USD:1375948,1375948.0,Michigan State University; Georgia Institute of Technology,NSF,USD:1375948,1375948.0,2014-07-01 00:00:00,2019-06-30 00:00:00,Not in NIH RePORTER (non-NIH funder via local snapshot)
biona001/Knockoffs.jl,10.1093/bioinformatics/btae580,39340798,True,NIH; NSF; Other,8,4,4,5R56HG010812-02; 5R01AG066206-05; 2210392; R01MH123157,R56HG010812; R01AG066206,STANFORD UNIVERSITY; Stanford University,CA,NHGRI; NIA; NSF; NIH,USD:995380,995380.0,STANFORD UNIVERSITY; Stanford University,NLM; NHGRI; NIA; NSF; Other; NIH,USD:4926776,4926776.0,1984-07-01T00:00:00,2030-03-31T00:00:00,OK
BIONF/PhyloProfile,10.1093/bioinformatics/bty225,29659708,True,Other,2,2,0,EB 285/2-1; DFG FOR 2251,,,,Other,,,,Other,,,,,Not in NIH RePORTER (non-NIH funder via local snapshot)
bionitio-team/bionitio,10.1093/gigascience/giz109,31544213,False,,0,0,0,,,,,,,,,,,,,,Not in NIH RePORTER
BioOmics/iSeq,10.1093/bioinformatics/btae641,39447029,True,Other,7,5,2,32270709; 31771477; 32070656; 32261133526; 32070677,,,,Other,,,,Other,,,,,Not in NIH RePORTER (non-NIH funder via local snapshot)
bionumpy/bionumpy,10.1038/s41592-024-02483-4,39420142,False,,0,0,0,,,,,,,,,,,,,,Not in NIH RePORTER
BioPandas/biopandas,10.21105/joss.00279,,False,,0,0,0,,,,,,,,,,,,,,PMID not found and no local snapshot grants
biothings/mygene.info,10.1186/s13059-016-0953-9,27154141,True,NIH,6,2,4,3U01HG006476-04S1; 5R01GM083924-13,U01HG006476; R01GM083924,"SCRIPPS HEALTH; SCRIPPS RESEARCH INSTITUTE, THE",CA,NHGRI; NIGMS,USD:288085,288085.0,"SCRIPPS RESEARCH INSTITUTE, THE; UNIVERSITY OF CALIFORNIA LOS ANGELES; SCRIPPS HEALTH; WASHINGTON UNIVERSITY",NCATS; NIGMS; NHGRI; NCI,USD:9548324,9548324.0,2008-08-01T00:00:00,2023-03-31T00:00:00,OK
biotite-dev/biotite,10.1186/s12859-018-2367-z,30285630,False,,0,0,0,,,,,,,,,,,,,,Not in NIH RePORTER
bio-tools/biotoolsRegistry,10.1093/nar/gk,,False,,0,0,0,,,,,,,,,,,,,,PMID not found and no local snapshot grants
Bishop-Laboratory/RLoop-QC-Meta-Analysis-Miller-2022,10.1093/nar/gkac537,35758606,True,NIH; Other,8,4,4,7R01CA241554-06; 5R01CA152063-05; PR181598; RT6187,R01CA241554; R01CA152063,RESEARCH INST NATIONWIDE CHILDREN'S HOSP; UNIVERSITY OF TEXAS HLTH SCIENCE CENTER,OH; TX,NCI; Other,USD:396830,396830.0,UNIVERSITY OF CALIFORNIA AT DAVIS; RESEARCH INST NATIONWIDE CHILDREN'S HOSP; UNIVERSITY OF TEXAS HLTH SCIENCE CENTER; The University of Texas Health Science Center at San Antonio,NIGMS; NCI; NIA; Other,USD:5173223,5173223.0,1997-08-01T00:00:00,2030-07-31T00:00:00,OK
bitscopic/BIAS-2015,10.1186/s13073-025-01581-y,41382245,False,,0,0,0,,,,,,,,,,,,,,Not in NIH RePORTER
blmoore/thesis,10.1186/s13059-015-0661-x,26013771,False,,0,0,0,,,,,,,,,,,,,,Not in NIH RePORTER
bluenote-1577/skani,10.1038/s41592-023-02018-3,37735570,True,Other,1,1,0,RGPIN-2022-03074,,,,Other,,,,Other,,,,,Not in NIH RePORTER (non-NIH funder via local snapshot)
bobeobibo/phigaro,10.1093/bioinformatics/btaa250,32311023,True,Other,2,2,0,16-54-21012; IZLRZ3_163863,,,,Other,,,,Other,,,,,Not in NIH RePORTER (non-NIH funder via local snapshot)
bodegalab/irescue,10.1093/nar/gkae793,39271103,True,Other,10,10,0,GR-2018-12365280; 2022PKF9S; PE00000007; 2019-3416; IG 2022; 2018-; PNRR PE00000007; CP2_12/2018; 2019-1788; IG 2022 27066,,,,Other,,,,Other,,,,,Not in NIH RePORTER (non-NIH funder via local snapshot)
bodkan/admixr,10.1093/bioinformatics/btz030,30668635,False,,0,0,0,,,,,,,,,,,,,,Not in NIH RePORTER
Bohdan-Khomtchouk/Biochat,10.1101/480020,,False,,0,0,0,,,,,,,,,,,,,,PMID not found and no local snapshot grants
BojarLab/glycowork,10.1093/glycob/cwab067,34192308,False,,0,0,0,,,,,,,,,,,,,,Not in NIH RePORTER
bonsai-team/matam,10.1093/bioinformatics/btx644,29040406,False,,0,0,0,,,,,,,,,,,,,,Not in NIH RePORTER
borenstein-lab/MetaLAFFA,10.1186/s12859-020-03815-9,33087062,True,NIH; Other,4,1,3,5R01GM124312-02,R01GM124312,UNIVERSITY OF WASHINGTON,WA,NIGMS,USD:200000,200000.0,UNIVERSITY OF WASHINGTON,NIA; NIGMS; NIDDK; Other,USD:2752347,2752347.0,2014-09-22T00:00:00,2024-12-31T00:00:00,OK
Boyle-Lab/Blacklist,10.1038/s41598-019-45839-z,31249361,True,NIH,5,0,5,,,,,,,,STANFORD UNIVERSITY; UNIV OF MASSACHUSETTS MED SCH WORCESTER; UNIVERSITY OF MICHIGAN AT ANN ARBOR,NHGRI; NIGMS,USD:3157948,3157948.0,1975-07-01T00:00:00,2025-06-30T00:00:00,OK
Boyle-Lab/SEMpl,10.1093/bioinformatics/btz612,31373606,True,NIH,4,1,3,T32 HG00040,,,,NIH,,,STANFORD UNIVERSITY; UNIVERSITY OF MICHIGAN AT ANN ARBOR,NHGRI; NIH,USD:1761813,1761813.0,1995-07-01T00:00:00,2030-06-30T00:00:00,OK
BRANCHlab/metasnf,10.1038/nmeth.2810,24464287,False,,0,0,0,,,,,,,,,,,,,,Not in NIH RePORTER
Breeding-Insight/BIGapp,10.1002/tpg2.70067,40640114,True,Other,4,4,0,8062-21000-052-003-A; (projectno.2080-21000-018-00-D; 8062-21000-052-002-A; 8062-21000-043-004-A,,,,Other,,,,Other,,,,,Not in NIH RePORTER (non-NIH funder via local snapshot)
brentp/cyvcf2,10.1093/bioinformatics/btx057,28165109,True,NIH,1,0,1,,,,,,,,UTAH STATE HIGHER EDUCATION SYSTEM--UNIVERSITY OF UTAH,NHGRI,USD:327727,327727.0,2012-04-19T00:00:00,2020-04-30T00:00:00,OK
brentp/hts-nim,10.1093/bioinformatics/bty358/4990493,29718142,True,NIH,4,2,2,5R01HG006693-07; 5R01GM124355-04,R01HG006693; R01GM124355,UTAH STATE HIGHER EDUCATION SYSTEM--UNIVERSITY OF UTAH,UT,NHGRI; NIGMS,USD:627727,627727.0,"UTAH STATE HIGHER EDUCATION SYSTEM--UNIVERSITY OF UTAH; BROAD INSTITUTE, INC.",NCI; NHGRI; NIGMS,USD:1272147,1272147.0,2012-04-19T00:00:00,2022-08-31T00:00:00,OK
brentp/peddy,10.1016/j.ajhg.2017.01.017,28190455,True,NIH,1,1,0,5R01HG006693-07,R01HG006693,UTAH STATE HIGHER EDUCATION SYSTEM--UNIVERSITY OF UTAH,UT,NHGRI,USD:327727,327727.0,UTAH STATE HIGHER EDUCATION SYSTEM--UNIVERSITY OF UTAH,NHGRI,USD:327727,327727.0,2012-04-19T00:00:00,2020-04-30T00:00:00,OK
brentp/somalier,10.1186/s13073-020-00761-2,32664994,True,NIH,8,1,7,5R01HG006693-07,R01HG006693,UTAH STATE HIGHER EDUCATION SYSTEM--UNIVERSITY OF UTAH,UT,NHGRI,USD:327727,327727.0,"UTAH STATE HIGHER EDUCATION SYSTEM--UNIVERSITY OF UTAH; BASE2 GENOMICS, LLC; BROAD INSTITUTE, INC.",NCATS; NCI; NHGRI; NIGMS,USD:2961051,2961051.0,2012-04-19T00:00:00,2027-01-31T00:00:00,OK
brentp/vcfanno,10.1186/s13059-016-0973-5,27250555,True,NIH,1,1,0,5R01HG006693-07,R01HG006693,UTAH STATE HIGHER EDUCATION SYSTEM--UNIVERSITY OF UTAH,UT,NHGRI,USD:327727,327727.0,UTAH STATE HIGHER EDUCATION SYSTEM--UNIVERSITY OF UTAH,NHGRI,USD:327727,327727.0,2012-04-19T00:00:00,2020-04-30T00:00:00,OK
bridgedb/BridgeDb,10.1186/1471-2105-11-5,20047655,True,NIH,2,0,2,,,,,,,,J. DAVID GLADSTONE INSTITUTES,NHGRI; NIGMS,USD:463081,463081.0,2004-08-18T00:00:00,2012-07-31T00:00:00,OK
broadinstitute/adapt,10.1038/s41587-022-01213-5,35241837,True,NIH; NSF; Other,10,2,8,5K01AI163498-02; D18AC00006,K01AI163498,"BROAD INSTITUTE, INC.",MA,NIAID; Other,USD:93009,93009.0,"HARVARD MEDICAL SCHOOL; HARVARD UNIVERSITY; BROAD INSTITUTE, INC.; Harvard University SEAS; Harvard University",NHGRI; NIGMS; NIAID; NCI; NSF; Other,USD:2020253,2020253.0,1989-07-01T00:00:00,2028-08-31T00:00:00,OK
broadinstitute/catch,10.1038/s41587-018-0006-x,30718881,True,NIH; Other,12,6,6,ACE019; HHSN272200900049C; HHSN272201400008C; Broadnext10; W81XWH; Broadnext10 gift,,,,Other; NIH,,,"REDEEMER'S UNIVERSITY; BROAD INSTITUTE, INC.; MASSACHUSETTS GENERAL HOSPITAL; FLORIDA GULF COAST UNIVERSITY",NHGRI; NIAID; Other; NIH,USD:10530379,10530379.0,1976-07-01T00:00:00,2029-05-31T00:00:00,OK
broadinstitute/cromwell,10.7490/f1000research.1114634.1,,False,,0,0,0,,,,,,,,,,,,,,PMID not found and no local snapshot grants
brocklab/pycashier,10.21105/joss.06891,,False,,0,0,0,,,,,,,,,,,,,,PMID not found and no local snapshot grants
Bucknell-Biol364/RNASeqProject,10.1186/s12859-016-1457-z,28095772,True,NIH; NSF,9,0,9,,,,,,,,"UNIVERSITY OF CALIFORNIA, SAN FRANCISCO; JOHNS HOPKINS UNIVERSITY; UNIVERSITY OF WASHINGTON",NIAID; NEI; NINDS; NIMH; NIDDK; NIH; NSF,USD:12685582,12685582.0,1988-08-15T00:00:00,2029-04-30T00:00:00,OK
B-UMMI/chewBBACA,10.1186/s13073-026-01625-x,41877275,True,Other,2,1,1,2020.08493.BD,,,,Other,EUR:59176,,,Other,EUR:59176,,2021-01-01 00:00:00,2024-12-31 00:00:00,Not in NIH RePORTER (non-NIH funder via local snapshot)
bwa-mem2/bwa-mem2,10.1109/IPDPS.2019.00041,,False,,0,0,0,,,,,,,,,,,,,,PMID not found and no local snapshot grants
c3biolab/struct_ppi_pred,10.3390/proteomes13010010,39982320,False,,0,0,0,,,,,,,,,,,,,,Not in NIH RePORTER
C4TB/shinyExprPortal,10.1093/bioinformatics/btae172,38552327,False,,0,0,0,,,,,,,,,,,,,,Not in NIH RePORTER
cafferychen777/mLLMCelltype,10.1038/s42003-026-10420-8,42260142,True,NSF; NIH,2,1,1,R01GM144351,,,,NIH,,,,NSF; NIH,,,,,Not in NIH RePORTER (non-NIH funder via local snapshot)
cafferychen777/ggpicrust2,10.1093/bioinformatics/btad470,37527009,True,NIH,3,0,3,,,,,,,,UNIVERSITY OF VIRGINIA; CASE WESTERN RESERVE UNIVERSITY; CLEVELAND CLINIC LERNER COM-CWRU,NIDDK; NIA,USD:2731992,2731992.0,1990-07-01T00:00:00,2027-06-30T00:00:00,OK
campbio/scruff,10.1186/s12859-019-2797-2,31046658,True,NIH,1,1,0,5U01CA220413-03,U01CA220413,BOSTON UNIVERSITY MEDICAL CAMPUS,MA,NCI,USD:346531,346531.0,BOSTON UNIVERSITY MEDICAL CAMPUS,NCI,USD:346531,346531.0,2017-08-01T00:00:00,2021-07-31T00:00:00,OK
cancervariants/therapy-normalization,10.1093/jamiaopen/ooad093,37954974,True,NIH,1,1,0,5R00HG010157-06,R00HG010157,RESEARCH INST NATIONWIDE CHILDREN'S HOSP,OH,NHGRI,USD:153065,153065.0,RESEARCH INST NATIONWIDE CHILDREN'S HOSP,NHGRI,USD:153065,153065.0,2021-07-02T00:00:00,2024-04-30T00:00:00,OK
cansyl/DEEPScreen,10.1039/C9SC0341E,,False,,0,0,0,,,,,,,,,,,,,,PMID not found and no local snapshot grants
caporaso-lab/mockrobiota,10.1128/mSystems.00062-16,27822553,True,NIH,1,0,1,,,,,,,,NORTHERN ARIZONA UNIVERSITY,NCI,USD:850000,850000.0,2009-09-29T00:00:00,2029-08-31T00:00:00,OK
caravagnalab/CNAqc,10.1186/s13059-024-03170-5,38297376,True,NIH; Other,4,1,3,202778/Z/16/Z,,,,Other,,,SLOAN-KETTERING INST CAN RESEARCH,NCI; Other,USD:7462754,7462754.0,1997-01-20T00:00:00,2030-12-31T00:00:00,OK
carjed/helmsman,10.1186/s12864-018-5264-y,30486787,True,NIH,2,1,1,5R01GM118928-04,R01GM118928,UNIVERSITY OF MICHIGAN AT ANN ARBOR,MI,NIGMS,USD:197500,197500.0,UNIVERSITY OF MICHIGAN AT ANN ARBOR,NHGRI; NIGMS,USD:892494,892494.0,1995-07-01T00:00:00,2030-06-30T00:00:00,OK
cbg-ethz/cowwid,10.1038/s41564-022-01185-x,35851854,True,Other,6,3,3,196538; 196267; 31CA30 196267,,Swiss Federal Institute of Aquatic Science and Technology; ETH Zurich,,Other,CHF:477631,,Swiss Federal Institute of Aquatic Science and Technology; TECHNISCHE UNIVERSITAET MUENCHEN; ETH Zurich,Other,EUR:5664000; CHF:477631,,2017-06-01 00:00:00,2023-05-31 00:00:00,Not in NIH RePORTER (non-NIH funder via local snapshot)
cbg-ethz/haploclique,10.1371/journal.pcbi.1003515,24675810,True,Other,3,2,1,146331; 127017,,ETH Zurich,,Other,CHF:720000,,ETH Zurich,Other,CHF:720000,,2010-01-01 00:00:00,2014-07-31 00:00:00,Not in NIH RePORTER (non-NIH funder via local snapshot)
cbg-ethz/V-pipe,10.1101/2023.10.16.562462,,True,Other,2,1,1,Horizon 2020,,,,Other,,,FRIEDRICH-SCHILLER-UNIVERSITÄT JENA,Other,EUR:3896543,,2020-09-01 00:00:00,2024-08-31 00:00:00,OK
ccmbioinfo/MetaFusion,10.1093/bioinformatics/btab249,33944895,False,,0,0,0,,,,,,,,,,,,,,Not in NIH RePORTER
CDCgov/datasets-sars-cov-2,10.7717/peerj.13821,36093336,True,NIH; Other,5,2,3,BB/R012504/1; BB/CCG1860/1,,,,Other,,,"BROAD INSTITUTE, INC.; Broad Institute",NIAID; Other,USD:12583409; GBP:1035482,12583409.0,2014-04-10T00:00:00,2027-04-30T00:00:00,OK
CDCgov/SARS-CoV-2_Sequencing,10.1186/s12864-020-07283-6,33276717,False,,0,0,0,,,,,,,,,,,,,,Not in NIH RePORTER
CEGRcode/scriptmanager,10.1145/3491418.3535161,,False,,0,0,0,,,,,,,,,,,,,,PMID not found and no local snapshot grants
cgoliver/rnaglib,10.1007/978-3-642-25740-7_13,,False,,0,0,0,,,,,,,,,,,,,,PMID not found and no local snapshot grants
cgroza/GraffiTE,10.1038/s41467-024-53294-2,39414821,True,NIH; Other,2,0,2,,,,,,,,INSTITUTE FOR SYSTEMS BIOLOGY,NHGRI; Other,USD:289881,289881.0,2018-08-15T00:00:00,2028-06-30T00:00:00,OK
chasemc/IDBacApp,10.1073/pnas.1801247115,29686101,True,NIH; Other,3,1,2,5R01GM125943-04,R01GM125943,UNIVERSITY OF ILLINOIS AT CHICAGO,IL,NIGMS,USD:276848,276848.0,UNIVERSITY OF ILLINOIS AT CHICAGO,NIGMS; NICHD; Other,USD:735969,735969.0,2007-09-24T00:00:00,2023-07-31T00:00:00,OK
ChenfuShi/HiChIP_peaks,10.1093/bioinformatics/btaa202,32207529,True,Other,5,3,2,215207/Z/19/Z; 207491/Z/17/Z; 21348,,,,Other,,,University of Manchester,Other,GBP:2608095,,2015-12-01 00:00:00,2018-11-30 00:00:00,Not in NIH RePORTER (non-NIH funder via local snapshot)
chg60/DEPhT,10.1093/nar/gkac273,35451479,True,NIH; Other,2,1,1,5R35GM131729-08,R35GM131729,UNIVERSITY OF PITTSBURGH AT PITTSBURGH,PA,NIGMS,USD:309000,309000.0,UNIVERSITY OF PITTSBURGH AT PITTSBURGH,NIGMS; Other,USD:309000,309000.0,2019-05-01T00:00:00,2029-04-30T00:00:00,OK
chgibb/PHAT,10.1093/bioinformatics/bty1003,30561651,True,Other,2,2,0,CGS-D #454402-2014; #RGPIN-2015-03855,,,,Other,,,,Other,,,,,Not in NIH RePORTER (non-NIH funder via local snapshot)
chhylp123/hifiasm,10.1038/s41592-020-01056-5,33526886,True,NIH,5,2,3,3U01HG010961-03S1; 5R01HG010040-10,U01HG010961; R01HG010040,DANA-FARBER CANCER INST,MA,NHGRI,USD:914502,914502.0,UNIVERSITY OF CALIFORNIA SANTA CRUZ; WASHINGTON UNIVERSITY; DANA-FARBER CANCER INST,NHGRI,USD:9357497,9357497.0,2018-05-01T00:00:00,2029-07-31T00:00:00,OK
chmccarthy/Pangloss,10.3390/genes10070521,31295964,True,Other,1,1,0,GOIPG/2015/2242,,,,Other,,,,Other,,,,,Not in NIH RePORTER (non-NIH funder via local snapshot)
ChrisCummins/pip-db,10.1093/bioinformatics/btu637,25252779,False,,0,0,0,,,,,,,,,,,,,,Not in NIH RePORTER
chrovis/cljam,10.1186/s13029-016-0058-6,27536334,False,,0,0,0,,,,,,,,,,,,,,Not in NIH RePORTER
cidgoh/bacpaq,10.1038/s41587-020-0439-x,32055031,True,Other,5,0,5,,,,,,,,,Other,,,,,Not in NIH RePORTER (non-NIH funder via local snapshot)
claraqin/neonMicrobe,10.1002/ecs2.3842,,True,Other,7,6,1,1638577; 1743442; 2020‐68013‐30934; 2026815; 1926438; 1926335,,,,Other,,,,Other,,,,,OK
clemgoub/dnaPipeTE,10.1093/gbe/ev,,False,,0,0,0,,,,,,,,,,,,,,PMID not found and no local snapshot grants
clicumu/doepipeline,10.1101/504050,,True,Other,1,1,0,2011.0042,,,,Other,,,,Other,,,,,OK
cmap/cmapR,10.1101/227041,,True,NIH,1,0,1,,,,,,,,,NIH,,,,,OK
cmkobel/CompareM2,10.1093/bioinformatics/btaf517,40971807,True,Other,5,0,5,,,,,,,,"Queensland University of Technology; Institut National de Recherche pour l'Agriculture, l'Alimentation et l'Environnement",Other,EUR:9724764; AUD:1246677,,2021-10-01 00:00:00,2028-01-31 00:00:00,Not in NIH RePORTER (non-NIH funder via local snapshot)
CMU-SAFARI/RawHash,10.1093/bioinformatics/btad272,37387139,True,Other,4,0,4,,,,,,,,Bilkent University; ETH Zurich,Other,EUR:1966665; CHF:680892,,2022-05-01 00:00:00,2027-05-31 00:00:00,Not in NIH RePORTER (non-NIH funder via local snapshot)
cnapy-org/CNApy,10.1093/bioinformatics/btab828,34878104,True,Other,1,0,1,,,,,,,,MAX-PLANCK-GESELLSCHAFT ZUR FORDERUNG DER WISSENSCHAFTEN EV,Other,EUR:1998750,,2017-05-01 00:00:00,2022-12-31 00:00:00,Not in NIH RePORTER (non-NIH funder via local snapshot)
cnio-bu/beyondcell,10.1186/s13073-021-01001-x,34911571,True,Other,5,5,0,PEJD-2019-PRE/BMD-15732; RTI2018; RTI2018-097596-B-I00; PT17/0009/0011; S2017/ 65 BMD-3778,,,,Other,,,,Other,,,,,Not in NIH RePORTER (non-NIH funder via local snapshot)
cnobles/iGUIDE,10.1186/s13059-019-1625-3,30654827,True,NIH; Other,9,5,4,5R01AI082020-09; AI 08020; AI 117950; AI 126620; AI 045008,R01AI082020,UNIVERSITY OF PENNSYLVANIA,PA,NIAID; Other,USD:271110,271110.0,WISTAR INSTITUTE; UNIVERSITY OF PENNSYLVANIA,NIAID; NCI; Other,USD:7163018,7163018.0,1999-07-01T00:00:00,2029-04-30T00:00:00,OK
CodiePP/libmoltalk,10.1186/1471-2105-5-39,15096277,False,,0,0,0,,,,,,,,,,,,,,Not in NIH RePORTER
cogent3/cogent3,10.1186/gb-2007-8-8-r171,17708774,True,NIH,3,0,3,,,,,,,,UNIVERSITY OF COLORADO,NIGMS,USD:1293238,1293238.0,2000-07-01T00:00:00,2031-06-30T00:00:00,OK
cokelaer/damona,10.1007/978-981-16-8721-1_15,,False,,0,0,0,,,,,,,,,,,,,,PMID not found and no local snapshot grants
colossal-compsci/tfboot,10.1101/2023.07.14.549004,,False,,0,0,0,,,,,,,,,,,,,,PMID not found and no local snapshot grants
COMBINE-lab/salmon,10.1038/nmeth.4197,28263959,True,NIH,5,2,3,5R21HG006913-03; 5R01HG007104-03,R21HG006913; R01HG007104,CARNEGIE-MELLON UNIVERSITY,PA,NHGRI,USD:519067,519067.0,HARVARD UNIVERSITY D/B/A HARVARD SCHOOL OF PUBLIC HEALTH; CARNEGIE-MELLON UNIVERSITY; DANA-FARBER CANCER INST,NCI; NHGRI; NIGMS,USD:1895507,1895507.0,1979-06-01T00:00:00,2026-07-31T00:00:00,OK
ComPath/ComPath,10.1038/s41540-018-0078-8,30564458,True,Other,4,0,4,,,,,,,,,Other,,,,,Not in NIH RePORTER (non-NIH funder via local snapshot)
ComPath/compath-resources,10.1038/s41540-018-0078-8,30564458,True,Other,4,0,4,,,,,,,,,Other,,,,,Not in NIH RePORTER (non-NIH funder via local snapshot)
CompEpigen/methrix,10.1093/bioinformatics/btaa1048,33346800,True,Other,2,1,1,70113869,,,,Other,,,,Other,,,,,Not in NIH RePORTER (non-NIH funder via local snapshot)
compmetagen/micca,10.1038/srep09743,25988396,False,,0,0,0,,,,,,,,,,,,,,Not in NIH RePORTER
CompOmics/mascotdatfile,10.1002/pmic.200600682,17203510,False,,0,0,0,,,,,,,,,,,,,,Not in NIH RePORTER
CompOmics/compomics-utilities,10.1186/1471-2105-12-70,21385435,False,,0,0,0,,,,,,,,,,,,,,Not in NIH RePORTER
CompOmics/peptide-shaker,10.1038/nbt.3109,25574629,False,,0,0,0,,,,,,,,,,,,,,Not in NIH RePORTER
CompOmics/thermo-msf-parser,10.1021/pr2005154,21714566,False,,0,0,0,,,,,,,,,,,,,,Not in NIH RePORTER
CompOmics/searchgui,10.1021/acs.jproteome.8b00175,29774740,False,,0,0,0,,,,,,,,,,,,,,Not in NIH RePORTER
comprna/RATTLE,10.1186/s13059-022-02715-w,35804393,True,Other,8,7,1,PRE2018-083413; BIO2017-85364-R; DP210102385; PGC2018; BFU2015-65235-P; SGR2017-1020; PGC2018-094091-B-I00,,The Australian National University,,Other,AUD:786802,,The Australian National University,Other,AUD:1474389,,2021-01-01 00:00:00,2024-12-31 00:00:00,Not in NIH RePORTER (non-NIH funder via local snapshot)
CompOmics/xtandem-parser,10.1002/pmic.200900759,20140905,False,,0,0,0,,,,,,,,,,,,,,Not in NIH RePORTER
ComputationalProteomics/NormalyzerDE,10.1021/acs.jproteome.8b00523,30277078,False,,0,0,0,,,,,,,,,,,,,,Not in NIH RePORTER
CostaLab/reg-gen,10.1186/s12859-023-05184-5,36879236,False,,0,0,0,,,,,,,,,,,,,,Not in NIH RePORTER
crazyhottommy/getting-started-with-genomics-tools-and-resources,10.1371/journal.pcbi.1003662,24921255,False,,0,0,0,,,,,,,,,,,,,,Not in NIH RePORTER
crimBubble/ECCsplorer,10.1186/s12859-021-04545-2,35030991,True,Other,3,2,1,HE 7194/2-1; 031B0224B,,,,Other,,,,Other,,,,,Not in NIH RePORTER (non-NIH funder via local snapshot)
csbl-usp/CEMiTool,10.1186/s12859-018-2053-1,29458351,True,Other,4,4,0,2012/19278-6; 443719/2014-4; 305985/2014-0; 2013/08216-2,,,,Other,,,,Other,,,,,Not in NIH RePORTER (non-NIH funder via local snapshot)
czbiohub-sf/dashit,10.1186/s13059-016-0904-5,26944702,True,NIH,4,0,4,,,,,,,,"UNIVERSITY OF CALIFORNIA, SAN FRANCISCO",NIGMS; NIBIB; NCATS,USD:4931041,4931041.0,1978-07-01T00:00:00,2023-08-31T00:00:00,OK
daisybio/TF-Prioritizer,10.1093/gigascience/giad026,37132521,True,Other,10,3,7,01ZX2208A; 031L0309A; SFB1531,,,,Other,,,Technische Universität München (TUM); Goethe-Universität Frankfurt am Main; UNIVERSITEIT MAASTRICHT,Other,EUR:8395256,,2018-02-01 00:00:00,2024-01-31 00:00:00,Not in NIH RePORTER (non-NIH funder via local snapshot)
daisybio/drevalpy,10.1038/s41467-026-72903-w,42120410,True,Other,3,0,3,,,,,,,,Technische Universität München (TUM),Other,EUR:109942,,2019-01-01 00:00:00,2019-12-31 00:00:00,Not in NIH RePORTER (non-NIH funder via local snapshot)
danforthcenter/plantcv,10.1016/j.molp.2015.06.005,26099924,True,NIH; Other; NSF,11,9,2,5R37AI043288-21; DE-SC0006627; IOS-1027542; MOW-2012-01361; 2014-67012-22269; IOS-1202682; MCB-1330562; IIA-1355406; DOE-SC-008796,R37AI043288,DONALD DANFORTH PLANT SCIENCE CENTER,MO,NIAID; Other; NSF,USD:200000,200000.0,DONALD DANFORTH PLANT SCIENCE CENTER; WASHINGTON STATE UNIVERSITY; OREGON STATE UNIVERSITY,NIAID; Other; NSF,USD:475741,475741.0,1997-09-30T00:00:00,2019-02-28T00:00:00,OK
Daniel-Liu-c0deb0t/block-aligner,10.1093/bioinformatics/btad487,37535681,False,,0,0,0,,,,,,,,,,,,,,Not in NIH RePORTER
dantaki/SV2,10.1093/bioinformatics/btx813,29300834,True,NIH,4,1,3,3R01MH076431-09S2,R01MH076431,"UNIVERSITY OF CALIFORNIA, SAN DIEGO",CA,NIMH,USD:114287,114287.0,"JACKSON LABORATORY; UNIVERSITY OF CALIFORNIA, SAN DIEGO",NHGRI; NIGMS; NIMH,USD:2750557,2750557.0,1998-07-01T00:00:00,2023-06-30T00:00:00,OK
davidlougheed/strkit,10.1101/gr.280766.125,41539721,True,Other,2,2,0,RGPIN-2024-05329; PJT-191707,,,,Other,,,,Other,,,,,Not in NIH RePORTER (non-NIH funder via local snapshot)
DavisLaboratory/singscore,10.1186/s12859-018-2435-4,30400809,True,Other,3,2,1,AP1141361; APP1128609,,,,Other,,,,Other,,,,,Not in NIH RePORTER (non-NIH funder via local snapshot)
dbeisser/Natrix2,10.3897/mbmg.7.109389,,True,Other,3,0,3,,,,,,,,Universität Duisburg-Essen,Other,EUR:2528658,,2021-01-01 00:00:00,2021-12-31 00:00:00,OK
DecodeGenetics/graphtyper,10.1038/ng.3964,28945251,False,,0,0,0,,,,,,,,,,,,,,Not in NIH RePORTER
DeepChainBio/bio-transformers,10.1101/2020.12.15.422761,,True,NIH,1,0,1,,,,,,,,,NIH,,,,,OK
deeptools/deepTools,10.1093/nar/gku365,24799436,True,Other,1,0,1,,,,,,,,,Other,,,,,Not in NIH RePORTER (non-NIH funder via local snapshot)
deeptools/HiCExplorer,10.1093/gigascience/giac061,35809047,False,,0,0,0,,,,,,,,,,,,,,Not in NIH RePORTER
DEIB-GECO/PyGMQL,10.1186/s12859-019-3159-9,31703553,True,Other,1,0,1,,,,,,,,POLITECNICO DI MILANO,Other,EUR:2500000,,2016-09-01 00:00:00,2021-08-31 00:00:00,Not in NIH RePORTER (non-NIH funder via local snapshot)
deng-lab/viroprofiler,10.1080/19490976.2023.2192522,36998174,True,Other,5,2,3,StG 803077; 955974,,,,Other,,,Technische Universität München (TUM),Other,EUR:6156733,,2015-01-01 00:00:00,2024-12-31 00:00:00,Not in NIH RePORTER (non-NIH funder via local snapshot)
DennisSchmitz/Jovian_archive,10.1016/j.jcv.2011.03.006,21514213,False,,0,0,0,,,,,,,,,,,,,,Not in NIH RePORTER
dermasugita/Viola-SV,10.1093/bioinformatics/btab662,34534268,False,,0,0,0,,,,,,,,,,,,,,Not in NIH RePORTER
desmid/mview,10.1093/bioinformatics/14.4.380,9632837,False,,0,0,0,,,,,,,,,,,,,,Not in NIH RePORTER
DessimozLab/FastOMA,10.1038/s41592-024-02552-8,39753922,True,Other,1,1,0,205085,,University of Lausanne,,Other,CHF:810248,,University of Lausanne,Other,CHF:810248,,2021-10-01 00:00:00,2025-09-30 00:00:00,Not in NIH RePORTER (non-NIH funder via local snapshot)
deweylab/MetaSRA-pipeline,10.1093/bioinformatics/btx334,28535296,True,NIH,4,1,3,3U01HG007019-03S1,U01HG007019,UNIVERSITY OF WISCONSIN-MADISON,WI,NHGRI,USD:200725,200725.0,UNIVERSITY OF WISCONSIN-MADISON,NIAID; NHGRI; NLM,USD:2172802,2172802.0,2002-07-01T00:00:00,2027-06-30T00:00:00,OK
deweylab/CellO,10.1016/j.isci.2020.101913,33364592,True,NIH,2,0,2,,,,,,,,UNIVERSITY OF WISCONSIN-MADISON,NIAID; NLM,USD:1727077,1727077.0,2002-07-01T00:00:00,2027-06-30T00:00:00,OK
dib-lab/elvers,10.1186/2041-9139-4-16,23731568,False,,0,0,0,,,,,,,,,,,,,,Not in NIH RePORTER
diegozea/MIToS.jl,10.1093/bioinformatics/btw646,27797756,False,,0,0,0,,,,,,,,,,,,,,Not in NIH RePORTER
dieterich-lab/dorina,10.1093/nar/gkr1007,22086949,False,,0,0,0,,,,,,,,,,,,,,Not in NIH RePORTER
dieterich-lab/DCC,10.1093/bioinformatics/bt,,False,,0,0,0,,,,,,,,,,,,,,PMID not found and no local snapshot grants
DIncalciLab/samurai,10.1093/bib/bbaf035,39879385,True,Other,7,0,7,,,,,,,,Helsinki Art Museum,Other,EUR:14999335,,2021-02-01 00:00:00,2026-07-31 00:00:00,Not in NIH RePORTER (non-NIH funder via local snapshot)
ding-lab/CharGer,10.1093/bioinformatics/bty649,30102335,True,NIH; Other,5,3,2,5R01HG009711-04; 5R01CA178383-03; R01 CA18006,R01HG009711; R01CA178383,WASHINGTON UNIVERSITY,MO,NHGRI; NCI; Other,USD:576333,576333.0,WASHINGTON UNIVERSITY,NCI; NIDA; NHGRI; Other,USD:1253184,1253184.0,2009-09-01T00:00:00,2022-06-30T00:00:00,OK
DingWB/PyComplexHeatmap,10.1002/imt2.115,38454967,True,NIH,1,1,0,5R35GM146978-04,R35GM146978,CHILDREN'S HOSP OF PHILADELPHIA,PA,NIGMS,USD:250000,250000.0,CHILDREN'S HOSP OF PHILADELPHIA,NIGMS,USD:250000,250000.0,2022-09-15T00:00:00,2027-08-31T00:00:00,OK
dmis-lab/biobert,10.1093/bioinformatics/btz682,31501885,True,Other,2,0,2,,,,,,,,,Other,EUR:1820100,,2020-01-01 00:00:00,2023-12-31 00:00:00,Not in NIH RePORTER (non-NIH funder via local snapshot)
dockstore/dockstore,10.1093/nar/gkab346,33978761,True,NIH; Other,7,3,4,5R01HG009737-04; CDA 14-156; OGI-168,R01HG009737,UNIVERSITY OF CALIFORNIA SANTA CRUZ,CA,NHGRI; Other,USD:533251,533251.0,"BROAD INSTITUTE, INC.; UNIVERSITY OF CALIFORNIA SANTA CRUZ",NHGRI; NHLBI; Other; NIH,USD:10236772,10236772.0,2017-08-29T00:00:00,2028-06-30T00:00:00,OK
dohlee/metheor,10.1371/journal.pcbi.1010946,36940213,True,Other,4,4,0,NRF-2019M3E5D307337511; 2021-0-01343; NRF-2022M3E5F3085677; NO.2021-0-01343,,,,Other,,,,Other,,,,,Not in NIH RePORTER (non-NIH funder via local snapshot)
dorbarker/voc-identify,10.1101/2021.06.14.448421,,False,,0,0,0,,,,,,,,,,,,,,PMID not found and no local snapshot grants
dportik/SuperCRUNCH,10.1111/2041-210X.13392,,False,,0,0,0,,,,,,,,,,,,,,PMID not found and no local snapshot grants
dpryan79/MethylDackel,10.1101/481283,,True,Other,5,0,5,,,,,,,,Baylor College of Medicine,Other,USD:2000000,2000000.0,2012-12-05 00:00:00,,OK
dputhier/pygtftk,10.1093/bioinformatics/btz116,30768152,True,Other,6,4,2,ANR-11-IDEX-0001-02; ANR-11-IDEX; 11-IDEX-0001-02; IDEX-0001-02,,,,Other,,,TECHNOLOGIE AVANCEE POUR LE GENOME ET LA CLINIQUE; CEA Saclay,Other,EUR:88295565,,2012-03-01 00:00:00,,Not in NIH RePORTER (non-NIH funder via local snapshot)
drivenbyentropy/aptasuite,10.1093/nar/gk,,False,,0,0,0,,,,,,,,,,,,,,PMID not found and no local snapshot grants
Drizzle-Zhang/scMAGIC,10.1093/nar/gkab1275,34986249,True,Other,4,0,4,,,,,,,,,Other,,,,,Not in NIH RePORTER (non-NIH funder via local snapshot)
dr-joe-wirth/phantasm,10.1093/nar/gkad196,36938868,False,,0,0,0,,,,,,,,,,,,,,Not in NIH RePORTER
DRL/kinfin,10.1534/g3.117.300233,28866640,True,Other,2,2,0,NE/J011355/1; BB/K020161/1,,,,Other,GBP:876522,,,Other,GBP:876522,,2012-08-31 00:00:00,2017-06-29 00:00:00,Not in NIH RePORTER (non-NIH funder via local snapshot)
dsw7/MetAromatic,10.1016/j.abb.2019.07.018,31351863,True,Other,1,1,0,RGPIN05559,,,,Other,,,,Other,,,,,Not in NIH RePORTER (non-NIH funder via local snapshot)
dvklopfenstein/pmidcite,10.1002/jrsm.1456,33031632,False,,0,0,0,,,,,,,,,,,,,,Not in NIH RePORTER
DyogenIBENS/Agora,10.1038/s41559-022-01956-z,36646945,True,Other,16,13,3,ANR-07-GANI-0008; ANR-10-IDEX-0001-02 PSL* Research University; ANR-10-IDEX-0001-02; 10-LABX-54; ANR-10-LABX-54; ANR-10-IDEX-0001-02 PSL; ANR-10-BINF-01-03; ANR-10; ANR-10-IDEX-; 10-IDEX-0001-02; ANR-07-GANI-008-01; 10-IDEX-0001-02 PSL; IDEX-0001-02,,CENTRE NATIONAL DE LA RECHERCHE SCIENTIFIQUE - DELEGATION REGIONALE ILE-DE-FRANCE SECTEUR PARIS B,,Other,EUR:90000,,CENTRE NATIONAL DE LA RECHERCHE SCIENTIFIQUE - DELEGATION REGIONALE ILE-DE-FRANCE SECTEUR PARIS B; Institut Pasteur; Ecole Nationale Supérieure des Arts Décoratifs; Inserm,Other,EUR:169794009,,2008-01-02 00:00:00,,Not in NIH RePORTER (non-NIH funder via local snapshot)
earmingol/cell2cell,10.1038/s41467-022-31369-2,35760817,True,NIH; Other,5,0,5,,,,,,,,"UNIVERSITY OF CALIFORNIA, SAN DIEGO",NICHD; NIGMS; Other,USD:815405,815405.0,2001-07-01T00:00:00,2027-06-30T00:00:00,OK
ebi-webcomponents/nightingale,10.1093/bioadv/vbad064,37359723,True,NIH; Other,2,1,1,221320/Z/20/Z,,,,Other,,,EUROPEAN MOLECULAR BIOLOGY LABORATORY,NHGRI; Other,USD:4960830,4960830.0,2014-09-18T00:00:00,2027-05-31T00:00:00,OK
EBISPOT/ols4,10.1093/bioinformatics/btaf279,40323307,True,NIH,1,0,1,,,,,,,,UNIV OF NORTH CAROLINA CHAPEL HILL,OD,USD:1209005,1209005.0,2024-09-01T00:00:00,2025-08-31T00:00:00,OK
Ecogenomics/GTDBTk,10.1038/s41587-020-0501-8,32341564,False,,0,0,0,,,,,,,,,,,,,,Not in NIH RePORTER
Edinburgh-Genome-Foundry/DnaChisel,10.1093/bioinformatics/btaa558,32647895,True,Other,5,1,4,BB/M0101804/1,,,,Other,,,,Other,GBP:18926619,,2014-09-15 00:00:00,2022-03-30 00:00:00,Not in NIH RePORTER (non-NIH funder via local snapshot)
EDS-Bioinformatics-Laboratory/ENCORE,10.1038/s41467-024-52446-8,39284801,True,Other,4,1,3,Horizon 2020,,,,Other,,,STICHTING AMSTERDAM UMC; AMSTERDAM UMC RESEARCH BV; Fundación Progreso y Salud,Other,EUR:46048037,,2018-01-01 00:00:00,2026-08-31 00:00:00,Not in NIH RePORTER (non-NIH funder via local snapshot)
egaffo/circompara2,10.1093/bib/bbab418,34698333,True,Other,2,1,1,PRIN 2017 2017PPS2X4_003,,,,Other,,,,Other,,,,,Not in NIH RePORTER (non-NIH funder via local snapshot)
egluckthaler/starfish,10.1093/nar/gkae327,38686785,True,Other,1,0,1,,,,,,,,,Other,,,,,Not in NIH RePORTER (non-NIH funder via local snapshot)
egonw/bacting,10.21105/joss.02558,,False,,0,0,0,,,,,,,,,,,,,,PMID not found and no local snapshot grants
Electrostatics/electrostatics.github.io,10.1002/pro.3280,28836357,True,NIH; NSF; Other,14,11,3,5R01GM069702-18; 5R01GM031749-41; DE-AC05-76RL01830; GM31749; DE-AC02-05CH11231; 110640; 76RL01830; DE-AC02; AC05-76RL01830; 05CH11231; DE-AC05,R01GM069702; R01GM031749,"BATTELLE PACIFIC NORTHWEST LABORATORIES; UNIVERSITY OF CALIFORNIA, SAN DIEGO",WA; CA,NIGMS; NIH; Other; NSF,USD:474152,474152.0,"BATTELLE PACIFIC NORTHWEST LABORATORIES; UNIVERSITY OF CALIFORNIA, SAN DIEGO; University of Michigan Ann Arbor",NIGMS; NSF; NIH; Other,USD:1173768,1173768.0,1983-06-01T00:00:00,2023-06-30T00:00:00,OK
elzbth/jitterbug,10.1186/s12864-015-1975-5,26459856,True,Other,3,3,0,AGL2013-43244-R; SEV-2012-0208; BFU2009-11932,,,,Other,,,,Other,,,,,Not in NIH RePORTER (non-NIH funder via local snapshot)
EMBL-Hentze-group/htseq-clip,10.1093/bioinformatics/btac747,36394253,False,,0,0,0,,,,,,,,,,,,,,Not in NIH RePORTER
epifluidlab/FinaleToolkit,10.1093/bioadv/vbaf236,41221372,True,NIH,1,1,0,7R56HG012360-02,R56HG012360,NORTHWESTERN UNIVERSITY,IL,NHGRI,USD:191615,191615.0,NORTHWESTERN UNIVERSITY,NHGRI,USD:191615,191615.0,2022-09-27T00:00:00,2024-03-31T00:00:00,OK
epruesse/SINA,10.1093/bioinformatics/bts252,22556368,False,,0,0,0,,,,,,,,,,,,,,Not in NIH RePORTER
eric9n/Kun-peng,10.1093/bib/bbag119,41838875,True,Other,2,2,0,82341109; 82173645,,,,Other,,,,Other,,,,,Not in NIH RePORTER (non-NIH funder via local snapshot)
esteinig/sketchy,10.1101/2022.02.05.479210,,False,,0,0,0,,,,,,,,,,,,,,PMID not found and no local snapshot grants
eternagame/EternaBrain,10.1371/journal.pcbi.1007059,31247029,True,NIH,2,2,0,5R35GM122579-10; 5R01GM100953-04,R35GM122579; R01GM100953,STANFORD UNIVERSITY,CA,NIGMS,USD:805329,805329.0,STANFORD UNIVERSITY,NIGMS,USD:805329,805329.0,2012-06-05T00:00:00,2027-07-31T00:00:00,OK
EvolBioInf/andi,10.1093/bioinformatics/btu815,25504847,False,,0,0,0,,,,,,,,,,,,,,Not in NIH RePORTER
evotools/nf-LO,10.1093/gbe/evab183,34383887,True,Other,2,2,0,BB/T019468/1; BBS/E/D/10002070,,,,Other,GBP:436525,,,Other,GBP:436525,,2020-11-01 00:00:00,2023-10-30 00:00:00,Not in NIH RePORTER (non-NIH funder via local snapshot)
ewels/clusterflow,10.12688/f1000research.10335.2,28299179,False,,0,0,0,,,,,,,,,,,,,,Not in NIH RePORTER
fedarko/strainFlye,10.1101/gr.276917.122,36418060,True,NIH,1,0,1,,,,,,,,"UNIVERSITY OF CALIFORNIA, SAN DIEGO",NIDDK,USD:877091,877091.0,2021-12-23T00:00:00,2026-11-30T00:00:00,OK
FelixKrueger/Bismark,10.1093/bioinformatics/btr167,21493656,False,,0,0,0,,,,,,,,,,,,,,Not in NIH RePORTER
FertigLab/CoGAPS,10.1093/bioinformatics/btq503,20810601,True,NIH; NSF,2,1,1,3R21LM009382-01A2S1,R21LM009382,JOHNS HOPKINS UNIVERSITY,MD,NLM,USD:34842,34842.0,JOHNS HOPKINS UNIVERSITY; Johns Hopkins University School of Medicine,NLM; NSF,USD:1912010,1912010.0,2004-05-01 00:00:00,2011-09-29T00:00:00,OK
fgtorres-zz/LeishDB,10.1093/database/bax047,29220437,True,Other,1,0,1,,,,,,,,,Other,,,,,Not in NIH RePORTER (non-NIH funder via local snapshot)
flexidot-bio/flexidot,10.1093/bioinformatics/bty353,29722882,True,Other,1,0,1,,,,,,,,National Institute of Advanced Industrial Science and Technology,Other,JPY:18330000,,,,Not in NIH RePORTER (non-NIH funder via local snapshot)
fmalmeida/ngs-preprocess,10.12688/f1000research.139488.1,37970066,False,,0,0,0,,,,,,,,,,,,,,Not in NIH RePORTER
foerstner-lab/READemption,10.1093/bioinformatics/btu533,25123900,False,,0,0,0,,,,,,,,,,,,,,Not in NIH RePORTER
fpusan/SuperPang,10.1111/1755-0998.13826,37382302,True,Other,10,10,0,892961; 2019‐02336; 2018-05973; 05973; 2017-04422; 2018-; 2017‐04422; 2018‐05973; H2020; 2019-02336,,,,Other,,,,Other,,,,,Not in NIH RePORTER (non-NIH funder via local snapshot)
franciscozorrilla/metaGEM,10.1093/nar/gkab815,34614189,True,Other,8,4,4,2018-05973; 05973; 2018-; Horizon 2020,,,,Other,,,THE CHANCELLOR MASTERS AND SCHOLARS OF THE UNIVERSITY OF CAMBRIDGE; DANMARKS TEKNISKE UNIVERSITET,Other,EUR:8246454,,2016-03-01 00:00:00,2026-09-30 00:00:00,Not in NIH RePORTER (non-NIH funder via local snapshot)
FreshAirTonight/af2complex,10.1038/s41467-022-29394-2,35365655,True,NIH; Other,3,2,1,DE-SC0021303; DOE DE-SC0021303,,,,Other,,,GEORGIA INSTITUTE OF TECHNOLOGY,NIGMS; Other,USD:316546,316546.0,2016-05-06T00:00:00,2031-02-28T00:00:00,OK
fritzsedlazeck/SURVIVOR,10.1038/NCOMMS14061,28117401,True,NIH,1,0,1,,,,,,,,JOHNS HOPKINS UNIVERSITY,NHGRI,USD:1865465,1865465.0,1999-09-01T00:00:00,2029-08-31T00:00:00,OK
fritzsedlazeck/Sniffles,10.1038/s41587-023-02024-y,38168980,True,NIH,12,2,10,5UH3NS132105-04; 5UG3NS132105-02,UH3NS132105; UG3NS132105,BAYLOR COLLEGE OF MEDICINE,TX,NINDS,USD:757610,757610.0,BAYLOR COLLEGE OF MEDICINE; BOSTON UNIVERSITY MEDICAL CAMPUS; PACIFIC NORTHWEST RESEARCH INSTITUTE; UNIVERSITY OF CALIFORNIA-IRVINE; UNIVERSITY OF CALIFORNIA AT DAVIS,NHGRI; NINDS; NIA; NIGMS; NIH,USD:15762651,15762651.0,1997-08-01T00:00:00,2028-03-31T00:00:00,OK
fsaina/DeBruijnBloom,10.1186/1748-7188-8-22,24040893,True,Other,4,2,2,ANR-10; ANR-12,,,,Other,,,Centre de Recherche en Informatique; Université Paris Cité,Other,EUR:640202,,2010-10-01 00:00:00,,Not in NIH RePORTER (non-NIH funder via local snapshot)
FunGeST/Palimpsest,10.1093/bioinformatics/bty388,29771315,False,,0,0,0,,,,,,,,,,,,,,Not in NIH RePORTER
fungs/taxator-tk,10.1093/bioinformatics/btu745,25388150,False,,0,0,0,,,,,,,,,,,,,,Not in NIH RePORTER
Future-House/BixBench,10.1038/s41551-026-01634-6,41912700,False,,0,0,0,,,,,,,,,,,,,,Not in NIH RePORTER
G3viz/g3viz,10.1093/bioinformatics/btz631,31393560,False,,0,0,0,,,,,,,,,,,,,,Not in NIH RePORTER
ga4gh/vrs,10.1016/j.xgen.2021.100027,35311178,True,NIH; Other,16,2,14,5R35HG011949-05; WT108749/Z/15/Z,R35HG011949,RESEARCH INST NATIONWIDE CHILDREN'S HOSP,OH,NHGRI; NIH,USD:267071,267071.0,"UNIVERSITY OF CALIFORNIA SANTA CRUZ; UNIV OF NORTH CAROLINA CHAPEL HILL; BRIGHAM AND WOMEN'S HOSPITAL; BROAD INSTITUTE, INC.; WASHINGTON UNIVERSITY; RESEARCH INST NATIONWIDE CHILDREN'S HOSP; MAYO CLINIC ROCHESTER",NHGRI; NCI; NIH; Other,USD:18674667,18674667.0,2013-09-23T00:00:00,2027-06-30T00:00:00,OK
Gabaldonlab/redundans,10.1093/nar/gkw294,27131372,True,Other,19,15,4,FP7-PEOPLE-2013-ITN-606786; 2007-2013; FP7-PEOPLE-2013-ITN; FP7/2007-2013; 2013-ITN-606786; BFU2015-67107; H2020-MSCA-ITN; FP7-PEOPLE-2013; SGR857; H2020; H2020-MSCA; H2020-MSCA-ITN-2014-642095; SEV-2012-0208; FP7/2007; Horizon 2020,,,,Other,,,MEDIZINISCHE UNIVERSITAET WIEN; FUNDACIO CENTRE DE REGULACIO GENOMICA,Other,EUR:8212934,,2013-01-01 00:00:00,2019-08-31 00:00:00,Not in NIH RePORTER (non-NIH funder via local snapshot)
gabywald/BioSilico,10.1101/117994,,False,,0,0,0,,,,,,,,,,,,,,PMID not found and no local snapshot grants
galaxyproject/galaxy,10.1093/nar/gkag469,42261686,True,NIH; NSF,6,3,3,U24HG010263; U24CA284167; U24HG006620,,,,NIH,,,Pennsylvania State University,NIH; NSF,USD:2963428,2963428.0,2024-09-15 00:00:00,2028-08-31 00:00:00,Not in NIH RePORTER (non-NIH funder via local snapshot)
gamcil/clinker,10.1093/bioinformatics/btab007,33459763,True,Other,1,0,1,,,,,,,,,Other,,,,,Not in NIH RePORTER (non-NIH funder via local snapshot)
gao-lab/Cell_BLAST,10.1038/s41467-020-17281-7,32651388,True,Other,2,2,0,2016YFC0901603; 2015AA020108,,,,Other,,,,Other,,,,,Not in NIH RePORTER (non-NIH funder via local snapshot)
gao-lab/GLUE,10.1038/s41587-022-01284-4,35501393,True,Other,2,1,1,2016YFC0901603,,,,Other,,,,Other,,,,,Not in NIH RePORTER (non-NIH funder via local snapshot)
gao-lab/SLAT,10.1038/s41467-023-43105-5,37945600,True,Other,1,1,0,2022ZD0115004,,,,Other,,,,Other,,,,,Not in NIH RePORTER (non-NIH funder via local snapshot)
Gaorav-Gupta-Lab/ScarMapper,10.1093/nar/gkab299,33963863,True,NIH,5,1,4,CA222092,,,,NIH,,,UNIV OF NORTH CAROLINA CHAPEL HILL,NCI; NIH,USD:7792772,7792772.0,1997-06-01T00:00:00,2030-06-30T00:00:00,OK
GarrettJenkinson/informME,10.1186/s12859-018-2086-5,29514626,True,NIH; NSF; Other,5,3,2,5R01CA054358-30; 1656201; CCF-1656201,R01CA054358,JOHNS HOPKINS UNIVERSITY; Johns Hopkins University,MD,NCI; NSF; Other,USD:504358,504358.0,JOHNS HOPKINS UNIVERSITY; Johns Hopkins University,NHGRI; NCI; NSF; Other,USD:1574885,1574885.0,1991-05-01T00:00:00,2025-06-30T00:00:00,OK
GATB/bcalm,10.1093/bioinformatics/btw279,27307618,True,NSF,8,0,8,,,,,,,,The Pennsylvania State University; Pennsylvania State University,NSF,USD:2632310,2632310.0,2014-06-01 00:00:00,2022-01-31 00:00:00,Not in NIH RePORTER (non-NIH funder via local snapshot)
GATB/MindTheGap,10.1186/s12864-020-07125-5,33148192,True,Other,1,0,1,,,,,,,,Institut National Polytechnique de Toulouse,Other,EUR:22000000,,2019-09-01 00:00:00,,Not in NIH RePORTER (non-NIH funder via local snapshot)
GC-HBOC/HerediVar,10.1186/s40246-025-00787-w,40616174,True,Other,1,1,0,70114178,,,,Other,,,,Other,,,,,Not in NIH RePORTER (non-NIH funder via local snapshot)
GDKO/AvP,10.1371/journal.pcbi.1010686,36350852,True,Other,4,2,2,ANR-15-IDEX-01; -15-IDEX-01,,,,Other,,,EPA VILLA ARSON,Other,EUR:86315776,,2016-04-23 00:00:00,,Not in NIH RePORTER (non-NIH funder via local snapshot)
gecrooks/weblogo,10.1101/gr.849004,15173120,True,NIH; Other,4,1,3,1-K22-HG00056,,,,Other,,,UNIVERSITY OF CALIF-LAWRENC BERKELEY LAB; UNIVERSITY OF CALIFORNIA BERKELEY,NIGMS; NHGRI; Other,USD:2117776,2117776.0,2000-02-10T00:00:00,2008-08-31T00:00:00,OK
genomehubs/genomehubs,10.12688/wellcomeopenres.18658.1,36864925,True,Other,5,3,2,BB/R015325/1; 218328/Z/19/Z; BB/R015325/2,,,,Other,GBP:674483,,University of Oxford,Other,GBP:10034904,,2016-10-01 00:00:00,2022-08-30 00:00:00,Not in NIH RePORTER (non-NIH funder via local snapshot)
genometools/genometools,10.1109/TCBB.2013.68,,False,,0,0,0,,,,,,,,,,,,,,PMID not found and no local snapshot grants
GenomicsStandardsConsortium/mixs,10.1038/nbt1360,18464787,True,NIH; Other,6,1,5,BB/E025080/1,,,,Other,GBP:103045,,STANFORD UNIVERSITY,NHGRI; Other; NIH,USD:2823237; GBP:103045,2823237.0,2005-09-23T00:00:00,2017-07-31T00:00:00,OK
Genotek/ClassifyCNV,10.1038/s41598-020-76425-3,33230148,False,,0,0,0,,,,,,,,,,,,,,Not in NIH RePORTER
genotoul-bioinfo/dgenies,10.7717/peerj.4958,29888139,True,Other,1,0,1,,,,,,,,Fondation de France,Other,EUR:65987574,,2011-12-01 00:00:00,,Not in NIH RePORTER (non-NIH funder via local snapshot)
genouest/biomaj,10.1093/bioinformatics/btn325,18593718,False,,0,0,0,,,,,,,,,,,,,,Not in NIH RePORTER
genular/pandora,10.1016/j.patter.2020.100178,33511368,True,NIH,3,0,3,,,,,,,,GRADUATE SCHOOL OF PUBLIC HEALTH AND HEALTH POLICY; STANFORD UNIVERSITY; DUKE UNIVERSITY,NCI; NIAID,USD:2298894,2298894.0,2002-07-01T00:00:00,2029-04-30T00:00:00,OK
getzlab/rnaseqc,10.1093/bioinformatics/btab135,33677499,True,NIH; Other,2,0,2,,,,,,,,YALE UNIVERSITY,NCI; Other,USD:1157281,1157281.0,2019-09-19T00:00:00,2026-08-31T00:00:00,OK
ggonnella/gfapy,10.1093/bioinformatics/btx398,28645150,False,,0,0,0,,,,,,,,,,,,,,Not in NIH RePORTER
gitter-lab/LPWC,10.1186/s12859-019-3324-1,31948388,True,NIH; NSF,4,3,1,1553206; DBI 1553206; CAREER,,Morgridge Institute for Research,,NSF,USD:887230,887230.0,UNIVERSITY OF WISCONSIN-MADISON; Morgridge Institute for Research,NCI; NSF,USD:4257316,4257316.0,1997-04-25T00:00:00,2028-03-31T00:00:00,OK
gkudla/hyb,10.1016/j.ymeth.2013.10.015,24211736,True,Other,4,3,1,097383; 077248; BB/J001279/1,,,,Other,GBP:554320,,,Other,GBP:554320,,2007-02-01 00:00:00,2018-01-31 00:00:00,Not in NIH RePORTER (non-NIH funder via local snapshot)
gladstone-institutes/Interactive-Enrichment-Analysis,10.1093/nar/gkaa1024,33211851,True,NIH; Other,9,1,8,5R01GM100039-09,R01GM100039,J. DAVID GLADSTONE INSTITUTES,CA,NIGMS,USD:206000,206000.0,"J. DAVID GLADSTONE INSTITUTES; SCRIPPS RESEARCH INSTITUTE, THE; NovaMechanics (Cyprus); Institut National de Recherche en Santé Publique; STIFTELSEN NILU; THE UNIVERSITY OF BIRMINGHAM",NIGMS; Other,EUR:71572339; USD:499191,499191.0,2010-08-01T00:00:00,2024-08-31 00:00:00,OK
GMOD/jbrowse-components,10.1186/s13059-023-02914-z,37069644,True,NIH,5,2,3,5U24CA220441-04; 3R01HG004483-17S1,U24CA220441; R01HG004483,UNIVERSITY OF CALIFORNIA BERKELEY,CA,NCI; NHGRI,USD:896934,896934.0,UNIVERSITY OF CALIFORNIA BERKELEY; OREGON HEALTH & SCIENCE UNIVERSITY,NCI; OD; NHGRI; NIGMS,USD:12169898,12169898.0,1997-05-01T00:00:00,2029-04-30T00:00:00,OK
google/deepconsensus,10.1038/s41587-022-01435-7,36050551,False,,0,0,0,,,,,,,,,,,,,,Not in NIH RePORTER
google/deepsomatic,10.1101/2024.08.16.608331,39229187,True,NIH; Other,7,0,7,,,,,,,,WASHINGTON UNIVERSITY; UNIVERSITY OF CALIFORNIA SANTA CRUZ; NEW YORK GENOME CENTER; CARNEGIE-MELLON UNIVERSITY,NHGRI; NCI; OD; Other; NIH,USD:1820374,1820374.0,2019-09-18T00:00:00,2029-06-30T00:00:00,OK
google/deepvariant,10.1038/nbt.4235,30247488,False,,0,0,0,,,,,,,,,,,,,,Not in NIH RePORTER
Goosang-Yu/genet,10.1016/j.cell.2023.03.034,37119812,False,,0,0,0,,,,,,,,,,,,,,Not in NIH RePORTER
gorpipe/gor,10.1093/bioinformatics/btw199,27339714,False,,0,0,0,,,,,,,,,,,,,,Not in NIH RePORTER
graik/biskit,10.1093/bioinformatics/btl655,17237072,False,,0,0,0,,,,,,,,,,,,,,Not in NIH RePORTER
greenelab/RNAseq_titration_results,10.1038/s42003-023-04588-6,36841852,True,NIH; Other,7,3,4,5R01CA237170-06; GBMF 4552; GR-000002471,R01CA237170,UNIVERSITY OF COLORADO DENVER,CO,NCI; Other,USD:393813,393813.0,UNIVERSITY OF SOUTH FLORIDA; UNIVERSITY OF PENNSYLVANIA; UNIVERSITY OF COLORADO DENVER,NCATS; NIAMS; NHGRI; NCI; NIGMS; Other,USD:6283173,6283173.0,1982-09-20T00:00:00,2028-07-31T00:00:00,OK
greenelab/iscb-diversity-manuscript,10.1016/j.cels.2021.07.007,34555325,True,Other,1,1,0,GBMF4552,,"Dartmouth College, Geisel School of Medicine Department of Genetics",,Other,USD:1504209,1504209.0,"Dartmouth College, Geisel School of Medicine Department of Genetics",Other,USD:1504209,1504209.0,,,Not in NIH RePORTER (non-NIH funder via local snapshot)
GreenleafLab/chromVAR,10.1101/739011,,False,,0,0,0,,,,,,,,,,,,,,PMID not found and no local snapshot grants
GreenleafLab/NucleoATAC,10.1101/gr.192294.115,26314830,True,NIH; NSF,6,1,5,DGE-114747,,,,NSF,,,EMORY UNIVERSITY; STANFORD UNIVERSITY,NIAID; NHGRI; NIGMS; NSF,USD:4934929,4934929.0,1989-07-01T00:00:00,2029-07-31T00:00:00,OK
GreyGuoweiChen/VirBot,10.1093/bioinformatics/btad093,36794927,True,Other,1,1,0,MRP/071/20X,,City University of Hong Kong,,Other,HKD:7363000,,City University of Hong Kong,Other,HKD:7363000,,,,Not in NIH RePORTER (non-NIH funder via local snapshot)
Griffan/VerifyBamID,10.1101/gr.246934.118,31980570,True,NIH,7,1,6,3U01MH105653-04S1,U01MH105653,UNIVERSITY OF MICHIGAN AT ANN ARBOR,MI,NIMH,USD:306744,306744.0,UNIVERSITY OF MICHIGAN AT ANN ARBOR; RUTGERS BIOMEDICAL AND HEALTH SCIENCES; UNIVERSITY OF SOUTHERN CALIFORNIA,NIMH; NHLBI; NHGRI,USD:4166627,4166627.0,2008-09-30T00:00:00,2027-06-30T00:00:00,OK
gstn-caruso/codnasq,10.1002/cpz1.764,37184204,True,Other,11,8,3,PIP-2015-2017 11220150100853CO; 778247; PUNQ 1309/19; PIP-2015-2017; PIP‐2015‐2017 11220150100853CO; PIP-2015; PICT-2018; PICT-2018 3457,,,,Other,,,UNIVERSITA DEGLI STUDI DI PADOVA,Other,EUR:2226400,,2019-01-01 00:00:00,2024-06-30 00:00:00,Not in NIH RePORTER (non-NIH funder via local snapshot)
GuoBioinfoLab/CATT,10.1093/bioinformatics/btaa432,32399561,True,Other,6,6,0,31822030; 2019M652623; 31771458; 2018M632830; 2017YFA0700403; 31801113,,,,Other,,,,Other,,,,,Not in NIH RePORTER (non-NIH funder via local snapshot)
gversmee/dbgap2x,10.1093/bioinformatics/btz680,31504194,True,NIH,2,0,2,,,,,,,,HARVARD MEDICAL SCHOOL,OD; NHLBI,USD:967797,967797.0,2017-09-30T00:00:00,2022-09-30T00:00:00,OK
GuyTeichman/RNAlysis,10.1186/s12915-023-01574-6,37024838,True,Other,2,2,0,335624; 1339/17,,,,Other,,,,Other,,,,,Not in NIH RePORTER (non-NIH funder via local snapshot)
gyorilab/indra,10.1101/358978,,False,,0,0,0,,,,,,,,,,,,,,PMID not found and no local snapshot grants
haddocking/cport,10.1371/journal.pone.0017695,21464987,True,Other,3,1,2,HPC-EUROPA2,,,,Other,,,Consorzio Interuniversitario Fisica Spaziale; Goethe-Institute United Kingdom,Other,EUR:11550000,,2007-11-01 00:00:00,2012-12-31 00:00:00,Not in NIH RePORTER (non-NIH funder via local snapshot)
haddocking/prodigy,10.1093/bioinformatics/btw514,27503228,True,Other,1,1,0,722.014.005,,,,Other,,,,Other,,,,,Not in NIH RePORTER (non-NIH funder via local snapshot)
haddocking/pdb-tools,10.12688/f1000research.17456.1,30705752,True,NIH; Other,2,0,2,,,,,,,,STANFORD UNIVERSITY,NIGMS; Other,USD:361735,361735.0,2017-06-01T00:00:00,2028-05-31T00:00:00,OK
HadoopGenomics/Hadoop-BAM,10.1093/bioinformatics/bts054,22302568,False,,0,0,0,,,,,,,,,,,,,,Not in NIH RePORTER
HadrienG/InSilicoSeq,10.1093/bioinformatics/bty630,30016412,True,Other,1,0,1,,,,,,,,Swedish University of Agricultural Sciences,Other,SEK:2700000,,2016-01-01 00:00:00,2018-12-31 00:00:00,Not in NIH RePORTER (non-NIH funder via local snapshot)
hahnlab/CAFE,10.1093/bioinformatics/btl097,16543274,True,NIH,1,0,1,,,,,,,,UNIVERSITY OF WASHINGTON,NHGRI,USD:358569,358569.0,2004-09-30T00:00:00,2008-08-31T00:00:00,OK
hahnlab/CAFE5,10.1093/bioinformatics/btaa1022,33325502,True,NSF,1,1,0,DBI-1564611,,,,NSF,,,,NSF,,,,,Not in NIH RePORTER (non-NIH funder via local snapshot)
hallamlab/TreeSAPP,10.1093/bioinformatics/btaa588,32637989,False,,0,0,0,,,,,,,,,,,,,,Not in NIH RePORTER
HallLab/clarite-python,10.3389/fgene.2019.01240,31921293,True,NIH,1,0,1,,,,,,,,"PENNSYLVANIA STATE UNIVERSITY, THE",NLM,USD:272634,272634.0,2016-04-01T00:00:00,2021-09-30T00:00:00,OK
hall-lab/svtools,10.1093/bioinformatics/btz492,31218349,True,NIH,3,0,3,,,,,,,,WASHINGTON UNIVERSITY; UNIVERSITY OF COLORADO,NHGRI,USD:10617619,10617619.0,2003-11-10T00:00:00,2022-11-30T00:00:00,OK
hall-lab/svtyper,10.1038/nmeth.3505,26258291,True,NIH,6,1,5,1DP2OD006493-01,DP2OD006493,UNIVERSITY OF VIRGINIA,VA,OD,USD:1500000,1500000.0,WASHINGTON UNIVERSITY; UNIVERSITY OF VIRGINIA; UTAH STATE HIGHER EDUCATION SYSTEM--UNIVERSITY OF UTAH,NHGRI; NIGMS; NCI; OD,USD:3272550,3272550.0,1976-07-01T00:00:00,2027-06-30T00:00:00,OK
HaojiaWu/CellScopes.jl,10.1038/s41467-024-45752-8,38360882,True,NIH,4,0,4,,,,,,,,WASHINGTON UNIVERSITY,NIDDK,USD:1901828,1901828.0,1975-07-01T00:00:00,2030-11-30T00:00:00,OK
haowenz/chromap,10.1038/s41467-021-26865-w,34772935,True,NIH; Other,4,1,3,5R01HG010040-10,R01HG010040,DANA-FARBER CANCER INST,MA,NHGRI,USD:245000,245000.0,DANA-FARBER CANCER INST,NCI; NHGRI; Other,USD:885607,885607.0,2018-04-06T00:00:00,2027-02-28T00:00:00,OK
hardingnj/xpclr,10.1101/gr.100545.109,20086244,True,NIH,2,2,0,5U01HG004168-03; 5R21AI064519-02,U01HG004168; R21AI064519,HARVARD MEDICAL SCHOOL,MA,NHGRI; NIAID,USD:311796,311796.0,HARVARD MEDICAL SCHOOL,NHGRI; NIAID,USD:311796,311796.0,2006-08-01T00:00:00,2010-07-31T00:00:00,OK
harmslab/topiary,10.1002/pro.4551,36565302,True,NIH; NSF; Other,7,5,2,3R01GM146114-03S1; 1844963; DEB-1844963; NSF CAREER Award DEB‐1844963; CAREER,R01GM146114,UNIVERSITY OF OREGON; University of Oregon Eugene,OR,NIGMS; NSF; Other,USD:875337,875337.0,UNIVERSITY OF OREGON; University of Oregon Eugene,NIGMS; NSF; Other,USD:1628291,1628291.0,1977-07-01T00:00:00,2026-03-31T00:00:00,OK
harryjubb/arpeggio,10.1016/j.jmb.2016.12.004,27964945,True,Other,8,6,2,"MR/M026302/1; 1103577; 4186, 2016; 093167/Z/10/Z; JBF 4186, 2016; JBF 4186",,,,Other,GBP:49396,,,Other,GBP:141328,,2011-09-30 00:00:00,2016-01-29 00:00:00,Not in NIH RePORTER (non-NIH funder via local snapshot)
HautaniemiLab/jellyfish,10.1093/bioinformatics/btaf091,39999015,False,,0,0,0,,,,,,,,,,,,,,Not in NIH RePORTER
heathsc/gemBS,10.1101/2017.10.11.201988,,False,,0,0,0,,,,,,,,,,,,,,PMID not found and no local snapshot grants
HECBioSim/Longbow,10.5334/jors.95,,True,Other,1,0,1,,,,,,,,,Other,GBP:288481,,2013-11-01 00:00:00,2019-01-31 00:00:00,OK
HelikarLab/candis,10.18632/oncotarget.21127,29156751,True,NIH,1,1,0,5R35GM119770-10,R35GM119770,UNIVERSITY OF NEBRASKA LINCOLN,NE,NIGMS,USD:250000,250000.0,UNIVERSITY OF NEBRASKA LINCOLN,NIGMS,USD:250000,250000.0,2016-09-01T00:00:00,2026-11-30T00:00:00,OK
HelmholtzAI-Consultants-Munich/oligo-designer-toolsuite,10.1038/s41592-024-02496-z,39558096,True,Other,2,1,1,KA1-Co-02 “COVIPA”,,,,Other,,,Martini Ziekenhuis,Other,EUR:4958682,,2020-01-01 00:00:00,2022-06-30 00:00:00,Not in NIH RePORTER (non-NIH funder via local snapshot)
hillerlab/TOGA,10.1126/sciadv.abm6494,35333583,False,,0,0,0,,,,,,,,,,,,,,Not in NIH RePORTER
HKU-BAL/Clair,10.1101/865782,,False,,0,0,0,,,,,,,,,,,,,,PMID not found and no local snapshot grants
HKU-BAL/Clair3-Trio,10.1093/bib/bbac301/6645484,35849103,False,,0,0,0,,,,,,,,,,,,,,Not in NIH RePORTER
HKU-BAL/ClairS,10.1038/s41592-026-03152-4,42387002,False,,0,0,0,,,,,,,,,,,,,,Not in NIH RePORTER
HKU-BAL/ClairS-TO,10.1038/s41467-025-64547-z,41173866,False,,0,0,0,,,,,,,,,,,,,,Not in NIH RePORTER
hms-dbmi/scde,10.1038/nmeth.2967,24836921,True,NIH,4,0,4,,,,,,,,MASSACHUSETTS GENERAL HOSPITAL; HARVARD UNIVERSITY; HARVARD MEDICAL SCHOOL,NHLBI; NIDDK; NIA,USD:1758860,1758860.0,1995-08-01T00:00:00,2016-04-30T00:00:00,OK
HobnobMancer/cazy_webscraper,10.1099/mgen.0.001086,37578822,False,,0,0,0,,,,,,,,,,,,,,Not in NIH RePORTER
horsepurve/DeepRTplus,10.1021/acs.analchem.8b02386,30114359,True,Other,4,3,1,2014CBA02002; 2014CBA02005; 2017YFC0908400,,,,Other,,,深圳华大生命科学研究院,Other,CNY:200000,,2015-01-01 00:00:00,2018-12-31 00:00:00,Not in NIH RePORTER (non-NIH funder via local snapshot)
huangnengCSU/compleasm,10.1093/bioinformatics/btad595,37758247,True,NIH; Other,2,1,1,5R01HG010040-10,R01HG010040,DANA-FARBER CANCER INST,MA,NHGRI,USD:245000,245000.0,DANA-FARBER CANCER INST,NHGRI; Other,USD:245000,245000.0,2018-05-01T00:00:00,2027-02-28T00:00:00,OK
HuttleyLab/DiverseSeq,10.21105/joss.07765,,False,,0,0,0,,,,,,,,,,,,,,PMID not found and no local snapshot grants
hybrid-kg/clep,10.1093/bioinformatics/btab340,33964127,True,NIH; Other,5,1,4,W81XWH-12-2-0012,,,,Other,,,NORTHERN CALIFORNIA INSTITUTE/RES/EDU,NIA; Other; NIH,USD:6161872,6161872.0,2004-09-30T00:00:00,2016-07-31T00:00:00,OK
ICB-DCM/PESTO,10.1093/bioinformatics/btx676,29069312,False,,0,0,0,,,,,,,,,,,,,,Not in NIH RePORTER
icbi-lab/immune_deconvolution_benchmark,10.1093/bioinformatics/btz363,31510660,True,Other,2,1,1,T 974-B30,,,,Other,,,,Other,,,,,Not in NIH RePORTER (non-NIH funder via local snapshot)
iferres/pagoo,10.1016/j.crmeth.2021.100085,35474671,False,,0,0,0,,,,,,,,,,,,,,Not in NIH RePORTER
Illumina/strelka,10.1038/s41592-018-0051-x,30013048,False,,0,0,0,,,,,,,,,,,,,,Not in NIH RePORTER
Illumina/manta,10.1093/bioinformatics/bt,,False,,0,0,0,,,,,,,,,,,,,,PMID not found and no local snapshot grants
imminfo/tcr,10.1186/s12859-015-0613-1,26017500,True,Other,1,1,0,15-34-21052,,,,Other,,,,Other,,,,,Not in NIH RePORTER (non-NIH funder via local snapshot)
InfectionMedicineProteomics/BINN,10.1038/s41467-023-41146-4,37660105,True,Other,4,4,0,2019-01646; 2017.0271; 2018-05795; 2018-,,,,Other,,,,Other,,,,,Not in NIH RePORTER (non-NIH funder via local snapshot)
innate2adaptive/decombinator,10.1093/bioinformatics/btt004,23303508,False,,0,0,0,,,,,,,,,,,,,,Not in NIH RePORTER
institut-de-genomique/biscot,10.1101/674721,,False,,0,0,0,,,,,,,,,,,,,,PMID not found and no local snapshot grants
institut-de-genomique/HAPO-G,10.1093/nargb/lqab034,,False,,0,0,0,,,,,,,,,,,,,,PMID not found and no local snapshot grants
interactivereport/xOmicsShiny,10.1093/bioinformaticsadvances/vbaf097,,False,,0,0,0,,,,,,,,,,,,,,PMID not found and no local snapshot grants
intermine/intermine-ws-python,10.1093/nar/gku301,24753429,True,NIH; Other,6,5,1,4R01HG004834-05; 099133; 090297/Z/09/Z; 099133/Z/12/Z; 090297,R01HG004834,UNIVERSITY OF CAMBRIDGE,,NHGRI; Other,USD:535313,535313.0,ONTARIO INSTITUTE FOR CANCER RESEARCH; UNIVERSITY OF CAMBRIDGE,NHGRI; Other,USD:1141842,1141842.0,2007-05-04T00:00:00,2018-05-31 00:00:00,OK
intervene-EU-H2020/synthetic_data,10.1101/2022.12.22.521552,,True,Other,2,2,0,101016775; Horizon 2020,,Helsinki Art Museum,,Other,EUR:10434940,,Helsinki Art Museum,Other,EUR:10434940,,2021-01-01 00:00:00,2025-12-31 00:00:00,OK
iqbal-lab-org/gramtools,10.1186/s13059-021-02474-0,34488837,True,Other,3,0,3,,,,,,,,University of Oxford,Other,USD:2209731,2209731.0,2015-09-01 00:00:00,2017-10-31 00:00:00,Not in NIH RePORTER (non-NIH funder via local snapshot)
iRNA-COSI/APAeval,10.1101/2023.06.23.546284,37425672,True,NIH; Other,6,3,3,5R01GM128096-04; 189063; 310030,R01GM128096,UNIVERSITY OF PENNSYLVANIA; University of Basel,PA,NIGMS; Other,CHF:807483; USD:274399,274399.0,UNIVERSITY OF PENNSYLVANIA; University of Basel,NLM; NIGMS; NHLBI; Other,CHF:807483; USD:783015,783015.0,2018-05-01T00:00:00,2027-05-31T00:00:00,OK
isambard-uob/isambard,10.1093/bioinformatics/btx352,28582565,True,Other,4,3,1,BB/K004050/1; BB/J008990/1; 340764,,,,Other,GBP:559688,,,Other,GBP:16306125,,2012-08-14 00:00:00,2022-03-30 00:00:00,Not in NIH RePORTER (non-NIH funder via local snapshot)
isugifNF/polishCLR,10.1093/gbe/evad020,36792366,True,Other,5,4,1,-AC05-06OR23100; DE-AC05-06OR23100; number DE-AC05-06OR23100; DE-AC05,,,,Other,,,,Other,,,,,Not in NIH RePORTER (non-NIH funder via local snapshot)
itsmeludo/PhylOligo,10.1093/bioinformatics/btx396,28637232,False,,0,0,0,,,,,,,,,,,,,,Not in NIH RePORTER
iVis-at-Bilkent/chise.js,10.1371/journal.pone.0128985,26030594,True,NIH,2,0,2,,,,,,,,"HARVARD MEDICAL SCHOOL; UNIVERSITY OF CALIFORNIA, SAN DIEGO",NHGRI; NIGMS,USD:2256596,2256596.0,2010-09-13T00:00:00,2025-04-30T00:00:00,OK
iVis-at-Bilkent/newt,10.1093/bioinformatics/btaa850,33010165,True,Other,2,2,0,118E131; 5180088,,,,Other,,,,Other,,,2018-10-15 00:00:00,2020-10-15 00:00:00,Not in NIH RePORTER (non-NIH funder via local snapshot)
iVis-at-Bilkent/sbgnviz.js,10.1371/journal.pone.0128985,26030594,True,NIH,2,0,2,,,,,,,,"HARVARD MEDICAL SCHOOL; UNIVERSITY OF CALIFORNIA, SAN DIEGO",NHGRI; NIGMS,USD:2256596,2256596.0,2010-09-13T00:00:00,2025-04-30T00:00:00,OK
iVis-at-Bilkent/syblars,10.1371/journal.pcbi.1010635,36374853,True,Other,1,1,0,118E131,,,,Other,,,,Other,,,2018-10-15 00:00:00,2020-10-15 00:00:00,Not in NIH RePORTER (non-NIH funder via local snapshot)
iVis-at-Bilkent/pathway-mapper,10.1093/bioinformatics/btx149,28334343,True,NIH,1,0,1,,,,,,,,SLOAN-KETTERING INST CAN RESEARCH,NCI,USD:7462754,7462754.0,1997-01-20T00:00:00,2030-12-31T00:00:00,OK
iVis-at-Bilkent/sybvals,10.1186/s12864-025-12454-4,41454279,False,,0,0,0,,,,,,,,,,,,,,Not in NIH RePORTER
jaleezyy/covid-19-signal,10.1093/nargab/lqae176,39703420,True,Other,1,1,0,COVID-19,,,,Other,,,,Other,,,,,Not in NIH RePORTER (non-NIH funder via local snapshot)
j-andrews7/Genotify,10.21105/joss.00885,31080942,True,NIH,3,0,3,,,,,,,,WASHINGTON UNIVERSITY,NCATS; NCI,USD:6358253,6358253.0,2015-05-01T00:00:00,2027-02-28T00:00:00,OK
jasdumas/shinyGEO,10.1093/bioinformatics/btw519,27503226,False,,0,0,0,,,,,,,,,,,,,,Not in NIH RePORTER
jason-weirather/hla-polysolver,10.1038/nbt.3344,26372948,True,NIH,3,0,3,,,,,,,,"BROAD INSTITUTE, INC.; DANA-FARBER CANCER INST",NCI; NHLBI,USD:1283924,1283924.0,2009-09-29T00:00:00,2027-01-31T00:00:00,OK
jdidion/atropos,10.7717/peerj.3720,28875074,True,Other,1,0,1,,,,,,,,,Other,,,,,Not in NIH RePORTER (non-NIH funder via local snapshot)
jdrudolph/photon,10.1016/j.cels.2016.11.005,28009266,True,Other,1,0,1,,,,,,,,,Other,,,,,Not in NIH RePORTER (non-NIH funder via local snapshot)
jeffersonfparil/compare_genomes,10.1002/cpz1.876,37638775,False,,0,0,0,,,,,,,,,,,,,,Not in NIH RePORTER
JEFworks-Lab/STalign,10.1038/s41467-023-43915-7,38065970,True,NIH; NSF,4,2,2,5R35GM142889-05; 2047611,R35GM142889,JOHNS HOPKINS UNIVERSITY; Johns Hopkins University,MD,NIGMS; NSF,USD:870588,870588.0,JOHNS HOPKINS UNIVERSITY; Johns Hopkins University,NIGMS; NIDA; NSF,USD:1229002,1229002.0,2020-07-01T00:00:00,2030-06-30T00:00:00,OK
JEFworks-Lab/HoneyBADGER,10.1101/gr.228080.117,29898899,True,NIH; Other; NSF,5,1,4,1F99CA222750-01,F99CA222750,HARVARD UNIVERSITY,MA,NCI,USD:33667,33667.0,HARVARD MEDICAL SCHOOL; HARVARD UNIVERSITY,NHLBI; NCI; Other; NSF,USD:688366,688366.0,2015-08-15T00:00:00,2021-05-31T00:00:00,OK
JEFworks/ubit2,10.1101/118992,,True,NIH; Other; NSF,5,4,1,R00HG007583; P50MH106933; NSF-14-532; CAREER,,,,NIH; NSF,,,,NIH; Other; NSF,,,,,OK
JensUweUlrich/Taxor,10.1101/gr.278623.123,38886068,True,Other,1,1,0,01KI1905D,,,,Other,,,,Other,,,,,Not in NIH RePORTER (non-NIH funder via local snapshot)
jermp/fulgor,10.1186/s13015-024-00251-9,38254124,True,NIH; NSF; Other,8,0,8,,,,,,,,UNIV OF NORTH CAROLINA CHAPEL HILL; SUNY at Stony Brook; University of Maryland- College Park; AGROKNOW IKE,NHGRI; NSF; Other,USD:10472585; EUR:4833798,10472585.0,2018-02-01 00:00:00,2029-01-31T00:00:00,OK
jermp/sshash,10.1093/bioinformatics/btag264,42412841,False,,0,0,0,,,,,,,,,,,,,,Not in NIH RePORTER
JetBrains-Research/span,10.1093/bioinformatics/btab376,34019098,False,,0,0,0,,,,,,,,,,,,,,Not in NIH RePORTER
jguhlin/minimap2-rs,10.1093/bioinformatics/bty191,29750242,True,NIH; Other,2,1,1,5R01HG010040-10,R01HG010040,DANA-FARBER CANCER INST,MA,NHGRI,USD:245000,245000.0,DANA-FARBER CANCER INST,NHGRI; Other,USD:245000,245000.0,2018-05-01T00:00:00,2027-02-28T00:00:00,OK
JiaoLaboratory/CRAQ,10.1038/s41467-023-42336-w,37848433,True,Other,1,1,0,32221001,,,,Other,,,,Other,,,,,Not in NIH RePORTER (non-NIH funder via local snapshot)
JiguangPeng/autopvs1,10.1002/humu.24051,32442321,False,,0,0,0,,,,,,,,,,,,,,Not in NIH RePORTER
JLSteenwyk/ClipKIT,10.1371/journal.pbio.3001007,33264284,True,NIH; NSF; Other,3,1,2,1442113,,Vanderbilt University,,NSF,USD:852869,852869.0,VANDERBILT UNIVERSITY; Vanderbilt University,NIAID; NSF; Other,USD:1270907,1270907.0,2015-02-01 00:00:00,2022-08-31T00:00:00,OK
JLSteenwyk/PhyKIT,10.1093/bioinformatics/btab096,33560364,True,Other,2,0,2,,,,,,,,,Other,,,,,Not in NIH RePORTER (non-NIH funder via local snapshot)
jminnier/STARTapp,10.1093/bioinformatics/btw624,28171615,True,NIH; Other,3,2,1,4R01NS079433-05; 15POST25710234,R01NS079433,OREGON HEALTH & SCIENCE UNIVERSITY,OR,NINDS; Other,USD:218750,218750.0,OREGON HEALTH & SCIENCE UNIVERSITY,NHLBI; NINDS; Other,USD:631934,631934.0,2008-07-01T00:00:00,2020-08-31T00:00:00,OK
jnalanko/VOMM,10.1007/s00453-017-0286-4,,True,Other,1,0,1,,,,,,,,,Other,,,,,OK
joda01/evanalyzer,10.1002/jev2.12282,36437554,True,Other,9,9,0,02.1.01/0.0/0.0; EFRE/IWB 20102‐F1900731‐KZP; H2020; 731032; CZ.02.1.01/0.0/0.0/15_003/0000495; CZ.02.1.01; CZ.02; CZ.02.1.01/0.0/0.0; W01213,,,,Other,,,,Other,,,,,Not in NIH RePORTER (non-NIH funder via local snapshot)
jolespin/veba,10.1186/s12859-022-04973-8,36224545,True,NIH; NSF,6,2,4,2049299; 1558453,,J. Craig Venter Institute,,NSF,USD:817928,817928.0,"J. CRAIG VENTER INSTITUTE, INC.; NORTHEASTERN UNIVERSITY; J. Craig Venter Institute",NIAID; NSF,USD:2839766,2839766.0,2016-04-01 00:00:00,2028-06-30T00:00:00,OK
jordanlab/stringMLST,10.1093/bioinformatics/btw586,27605103,False,,0,0,0,,,,,,,,,,,,,,Not in NIH RePORTER
josuebarrera/GenEra,10.1186/s13059-023-02895-z,36964572,True,Other,12,11,1,"031A537B; 031A533A; 031A537C; 031A537A; 031A533B; 031A535A; 031A538A; 031A534A; 031A532B, 031A533A, 031A533B, 031A534A, 031A535A, 031A537A, 031A537B, 031A537C, 031A537D, 031A538A; 031A532B; 031A537D",,,,Other,,,MAX-PLANCK-GESELLSCHAFT ZUR FORDERUNG DER WISSENSCHAFTEN EV,Other,EUR:1999420,,2021-01-01 00:00:00,2025-12-31 00:00:00,Not in NIH RePORTER (non-NIH funder via local snapshot)
joybio/multiPrime,10.1002/imt2.143,38868227,True,Other,1,0,1,,,,,,,,,Other,,,,,Not in NIH RePORTER (non-NIH funder via local snapshot)
Jpickard1/BRAD,10.1093/bioinformatics/btaf159,40323323,True,Other,4,4,0,HR00112490472; FA9550-; FA9550-22-1-0215; GM150581,,,,Other,,,,Other,,,,,Not in NIH RePORTER (non-NIH funder via local snapshot)
JTFouquier/ghost-tree,10.1186/s40168-016-0153-6,26905735,False,,0,0,0,,,,,,,,,,,,,,Not in NIH RePORTER
Kabilan108/infoml,10.1016/j.knosys.2025.114823,,False,,0,0,0,,,,,,,,,,,,,,PMID not found and no local snapshot grants
kaist-ina/BWA-MEME,10.1093/bioinformatics/btac137,35253835,False,,0,0,0,,,,,,,,,,,,,,Not in NIH RePORTER
KamilSJaron/smudgeplot,10.1038/s41467-020-14998-3,32188846,True,NIH; NSF,6,0,6,,,,,,,,JOHNS HOPKINS UNIVERSITY; Cold Spring Harbor Laboratory,NIGMS; NHGRI; NSF,USD:7572404,7572404.0,1975-07-01T00:00:00,2029-08-31T00:00:00,OK
kanaverse/kana,10.21105/joss.05603,,False,,0,0,0,,,,,,,,,,,,,,PMID not found and no local snapshot grants
kantale/OpenBio.eu,10.3390/app11209648,,False,,0,0,0,,,,,,,,,,,,,,PMID not found and no local snapshot grants
KarchinLab/open-cravat,10.1200/CCI.19.00132,32228266,True,NIH,2,1,1,5U24CA204817-05,U24CA204817,JOHNS HOPKINS UNIVERSITY,MD,NCI,USD:372299,372299.0,JOHNS HOPKINS UNIVERSITY,NCI; NIGMS,USD:776251,776251.0,1975-07-01T00:00:00,2024-12-31T00:00:00,OK
karel-brinda/NanoSim-H,10.1093/gigascience/gix010,28327957,True,NIH,1,1,0,3R01HG007182-08S1,R01HG007182,PROVINCIAL HEALTH SERVICES AUTHORITY,BC,NHGRI,USD:177111,177111.0,PROVINCIAL HEALTH SERVICES AUTHORITY,NHGRI,USD:177111,177111.0,2022-03-10T00:00:00,2023-03-31T00:00:00,OK
karel-brinda/MiniPhy,10.1038/s41592-025-02625-2,40205174,True,Other; NIH,12,6,6,R35GM133700; 19-P3IA-0001; -0001; ANR-19; ANR-18; Horizon 2020,,,,NIH; Other,,,"UNIVERSITAET BIELEFELD; University of Milano-Bicocca; UNIVERSITE d'AIX-MARSEILLE-Institut Méditerranéen d’Océanologie; Bilkent University; Université Paris Cité; Centre de Recherche en Informatique, Signal et Automatique de Lille",Other; NIH,EUR:31395759,,2018-12-01 00:00:00,2026-04-30 00:00:00,Not in NIH RePORTER (non-NIH funder via local snapshot)
karel-brinda/Phylign,10.1101/2023.04.15.536996,37131636,True,NIH; Other,12,3,9,19-P3IA-0001; ANR-19; ANR-18,,,,Other,,,"HARVARD MEDICAL SCHOOL; UNIVERSITAET BIELEFELD; University of Milano-Bicocca; UNIVERSITE d'AIX-MARSEILLE-Institut Méditerranéen d’Océanologie; Bilkent University; Université Paris Cité; Centre de Recherche en Informatique, Signal et Automatique de Lille",NIGMS; Other; NIH,EUR:31395759; USD:247004,247004.0,2018-12-01 00:00:00,2026-04-30 00:00:00,OK
karel-brinda/rnftools,10.1093/bioinformatics/bt,,False,,0,0,0,,,,,,,,,,,,,,PMID not found and no local snapshot grants
KatherLab/STAMP,10.1038/s41596-024-01047-2,39285224,False,,0,0,0,,,,,,,,,,,,,,Not in NIH RePORTER
KatrionaGoldmann/volcano3D,10.1016/j.celrep.2019.07.091,31461658,True,Other,8,6,2,TRF-2018-11-ST2-002; 20670; 20022; 21134; MR/K015346/1; MR/S025308/1,,Queen Mary University of London,,Other,GBP:277638,,Queen Mary University of London; University of Oxford,Other,GBP:9153593,,2014-06-15 00:00:00,2023-03-31 00:00:00,Not in NIH RePORTER (non-NIH funder via local snapshot)
kcleal/dysgu,10.1093/nar/gkac039,35100420,True,Other,3,3,0,A18246/A29202; 29202; A18246,,,,Other,,,,Other,,,,,Not in NIH RePORTER (non-NIH funder via local snapshot)
kehrlab/PopDel,10.1038/s41467-020-20850-5,33526789,True,Other,1,1,0,FKZ 031L0180,,,,Other,,,,Other,,,,,Not in NIH RePORTER (non-NIH funder via local snapshot)
kenminsoo/sRNAfrag,10.1093/bib/bbad515,38243693,True,NIH; NSF,11,0,11,,,,,,,,UNIVERSITY OF HAWAII AT MANOA; University of Hawaii,NIMHD; NHGRI; NIGMS; NCI; NSF,USD:11522697,11522697.0,1997-07-01T00:00:00,2029-07-31T00:00:00,OK
KennthShang/PhaBOX,10.1093/bioadv/vbad101,37641717,True,Other,2,2,0,9678241; 9667256,,,,Other,,,,Other,,,,,Not in NIH RePORTER (non-NIH funder via local snapshot)
kevin931/PyCytoData,10.1038/s41467-023-37478-w,37005472,True,NIH; Other,6,0,6,,,,,,,,UT SOUTHWESTERN MEDICAL CENTER; SOUTHERN METHODIST UNIVERSITY; UNIVERSITY OF TX MD ANDERSON CAN CTR; The University of Texas M.D. Anderson Cancer Center; The University of Texas Southwestern Medical Center,NIAID; NIGMS; NCI; Other,USD:4864960,4864960.0,2010-08-03T00:00:00,2031-07-31T00:00:00,OK
KevinMenden/scaden,10.1126/sciadv.eaba2619,,False,,0,0,0,,,,,,,,,,,,,,PMID not found and no local snapshot grants
kexinhuang12345/MolTrans,10.1093/bioinformatics/btaa880,33070179,True,NIH; NSF,6,0,6,,,,,,,,GEORGIA INSTITUTE OF TECHNOLOGY; BETH ISRAEL DEACONESS MEDICAL CENTER,NHLBI; NINDS; NSF,USD:648032,648032.0,2017-09-13T00:00:00,2023-05-31T00:00:00,OK
kexinhuang12345/DeepPurpose,10.1093/bioinformatics/btaa1005,33275143,True,NIH; NSF,16,8,8,"SCH-2014438; CCF-1533768; IIS-1418511, CCF-1533768, IIS-1838042; IIS-1418511; IIS-1838042; IIS-2030459; IIS-2033384; NIH R01",,,,NSF; NIH,,,GEORGIA INSTITUTE OF TECHNOLOGY; BETH ISRAEL DEACONESS MEDICAL CENTER; Georgia Institute of Technology; Board of Trustees of the University of Illinois; Dana-Farber/Harvard Cancer Center,NHLBI; NINDS; NSF; NIH,USD:3357992,3357992.0,2014-09-01 00:00:00,2024-09-30 00:00:00,OK
KIT-IBG-5/mdmcleaner,10.1093/nar/gkac294,35536293,True,Other,1,1,0,320579085,,,,Other,EUR:769592,,,Other,EUR:769592,,2016-01-01 00:00:00,2023-12-31 00:00:00,Not in NIH RePORTER (non-NIH funder via local snapshot)
kjolley/BIGSdb,10.1186/1471-2105-11-595,21143983,True,Other,1,1,0,087622,,,,Other,,,,Other,,,2009-03-01 00:00:00,2016-06-30 00:00:00,Not in NIH RePORTER (non-NIH funder via local snapshot)
klamt-lab/autopacmen,10.1186/s12859-019-3329-9,31937255,True,Other,2,2,0,031L0104B; 031B0524B,,,,Other,,,,Other,,,,,Not in NIH RePORTER (non-NIH funder via local snapshot)
klamt-lab/straindesign,10.1093/bioinformatics/btac632,36111857,True,Other,1,0,1,,,,,,,,MAX-PLANCK-GESELLSCHAFT ZUR FORDERUNG DER WISSENSCHAFTEN EV,Other,EUR:1998750,,2017-05-01 00:00:00,2022-12-31 00:00:00,Not in NIH RePORTER (non-NIH funder via local snapshot)
Koeng101/dnadesign,10.1093/bioinformatics/btaf052,39891349,True,NIH; Other,2,1,1,2R35GM130376-06,R35GM130376,UNIVERSITY OF SOUTHERN CALIFORNIA,CA,NIGMS,USD:391508,391508.0,UNIVERSITY OF SOUTHERN CALIFORNIA; Ludwig-Maximilians-Universität München,NIGMS; Other,USD:391508,391508.0,2018-10-01 00:00:00,2031-03-31T00:00:00,OK
krejciadam/hammock,10.1093/bioinformatics/bt,,False,,0,0,0,,,,,,,,,,,,,,PMID not found and no local snapshot grants
kreshuklab/plant-seg,10.7554/eLife.57613,32723478,False,,0,0,0,,,,,,,,,,,,,,Not in NIH RePORTER
ksahlin/isONclust,10.1007/978-3-030-17083-7_14,,False,,0,0,0,,,,,,,,,,,,,,PMID not found and no local snapshot grants
ksahlin/ultra,10.1093/bioinformatics/btab540,34302453,True,Other,1,0,1,,,,,,,,,Other,,,,,Not in NIH RePORTER (non-NIH funder via local snapshot)
ksahlin/strobealign,10.1186/s13059-022-02831-7,36522758,True,Other,5,0,5,,,,,,,,,Other,,,,,Not in NIH RePORTER (non-NIH funder via local snapshot)
kusterlab/curve_curator,10.1038/s41467-023-43696-z,38036588,True,Other,1,0,1,,,,,,,,,Other,,,,,Not in NIH RePORTER (non-NIH funder via local snapshot)
labgem/PPanGGOLiN,10.1371/journal.pcbi.1007732,32191703,True,Other,10,8,2,ANR-16-CE12-0029; ANR-10-INBS-09-08; ANR-10-INBS-09; ANR-16-CE12-29; ANR-10; 10-INBS-09; ANR-11-INBS; 10-INBS-09-08,,Laboratoire de Chimie Bactérienne,,Other,EUR:444115,,Laboratoire de Chimie Bactérienne; CNRS IDF Sud (Gif),Other,EUR:23244115,,2013-01-01 00:00:00,,Not in NIH RePORTER (non-NIH funder via local snapshot)
LabShengLi/nanome,10.1186/s13059-021-02510-z,34663425,True,NIH,3,1,2,5R35GM133562-05,R35GM133562,JACKSON LABORATORY,ME,NIGMS,USD:250000,250000.0,JACKSON LABORATORY; WEILL MEDICAL COLL OF CORNELL UNIV,NIGMS; NIMH; NCI,USD:1968459,1968459.0,1997-08-01T00:00:00,2030-06-30T00:00:00,OK
labstructbioinf/DeepCoil,10.1093/bioinformatics/bty1062,30601942,True,Other,2,2,0,2015/18/E/NZ1/00689; GA71-24,,,,Other,,,,Other,,,,,Not in NIH RePORTER (non-NIH funder via local snapshot)
labstructbioinf/pLM-BLAST,10.1093/bioinformatics/btad579,37725369,True,Other,1,1,0,POIR.04.04.00-00-5CF1/18-00,,,,Other,,,,Other,,,,,Not in NIH RePORTER (non-NIH funder via local snapshot)
labstructbioinf/rossmann-toolbox,10.1093/bib/bbab371,34571541,True,Other,2,2,0,POIR.04.04.00-00-5CF1/18-00; 2017/27/N/NZ1/00716,,,,Other,,,,Other,,,,,Not in NIH RePORTER (non-NIH funder via local snapshot)
LangilleLab/microbiome_helper,10.1128/mSystems.00127-16,28066818,False,,0,0,0,,,,,,,,,,,,,,Not in NIH RePORTER
LANL-Bioinformatics/EDGE,10.1093/nar/gkw1027,27899609,False,,0,0,0,,,,,,,,,,,,,,Not in NIH RePORTER
lauralwd/Azolla_genus_metagenome,10.1038/s41477-018-0188-8,29967517,True,NSF; Other,3,2,1,1407158; DEB-1407158,,Duke University,,NSF,USD:20410,20410.0,Duke University,NSF; Other,USD:20410,20410.0,2014-07-01 00:00:00,2016-06-30 00:00:00,Not in NIH RePORTER (non-NIH funder via local snapshot)
LaurentRDC/crystals,10.1186/s40679-018-0060-y,30310764,False,,0,0,0,,,,,,,,,,,,,,Not in NIH RePORTER
lazear/sage,10.1021/acs.jproteome.3c00486,37819886,False,,0,0,0,,,,,,,,,,,,,,Not in NIH RePORTER
lbcb-sci/RiNALMo,10.1038/s41467-025-60872-5,40593636,True,Other,2,1,1,I23D1AG079,,,,Other,,,,Other,,,,,Not in NIH RePORTER (non-NIH funder via local snapshot)
legumeinfo/gcv,10.1093/nar/gkad391,37207325,True,Other,1,0,1,,,,,,,,,Other,,,,,Not in NIH RePORTER (non-NIH funder via local snapshot)
lemieuxl/pyGenClean,10.1093/bioinformatics/btt261,23652425,False,,0,0,0,,,,,,,,,,,,,,Not in NIH RePORTER
leylabmpi/resmico,10.1101/2022.06.23.497335,,False,,0,0,0,,,,,,,,,,,,,,PMID not found and no local snapshot grants
lh3/fermi-lite,10.1093/bioinformatics/bt,,False,,0,0,0,,,,,,,,,,,,,,PMID not found and no local snapshot grants
lh3/fermikit,10.1093/bioinformatics/bt,,False,,0,0,0,,,,,,,,,,,,,,PMID not found and no local snapshot grants
lh3/ksw2,10.1186/s12859-018-2014-8,29504909,True,Other,1,0,1,,,,,,,,National Institute of Genetics,Other,JPY:7698340000,,,,Not in NIH RePORTER (non-NIH funder via local snapshot)
lh3/miniasm,10.1093/bioinformatics/btw152,27153593,True,NIH; Other,4,1,3,U54HG003037,,,,Other,,,"BROAD INSTITUTE, INC.; HARVARD MEDICAL SCHOOL",NHGRI; NIGMS; Other,USD:10501301,10501301.0,2003-11-10T00:00:00,2026-09-30T00:00:00,OK
lh3/minigraph,10.1186/s13059-020-02168-z,33066802,True,NIH,2,2,0,3U01HG010961-03S1; 5R01HG010040-10,U01HG010961; R01HG010040,DANA-FARBER CANCER INST,MA,NHGRI,USD:914502,914502.0,DANA-FARBER CANCER INST,NHGRI,USD:914502,914502.0,2018-05-01T00:00:00,2027-02-28T00:00:00,OK
lh3/minimap2,10.1093/bioinformatics/bty191,29750242,True,NIH; Other,2,1,1,5R01HG010040-10,R01HG010040,DANA-FARBER CANCER INST,MA,NHGRI,USD:245000,245000.0,DANA-FARBER CANCER INST,NHGRI; Other,USD:245000,245000.0,2018-05-01T00:00:00,2027-02-28T00:00:00,OK
lh3/miniprot,10.1093/bioinformatics/btad014,36648328,True,NIH; Other,2,1,1,5R01HG010040-10,R01HG010040,DANA-FARBER CANCER INST,MA,NHGRI,USD:245000,245000.0,DANA-FARBER CANCER INST,NHGRI; Other,USD:245000,245000.0,2018-05-01T00:00:00,2027-02-28T00:00:00,OK
lh3/ropebwt3,10.1093/bioinformatics/btae717,39607778,True,NIH,4,3,1,1U01HG013748-01; 3U01HG010961-03S1; 5R01HG010040-10,U01HG013748; U01HG010961; R01HG010040,UNIVERSITY OF CALIFORNIA SANTA CRUZ; DANA-FARBER CANCER INST,CA; MA,NHGRI,USD:2284089,2284089.0,UNIVERSITY OF CALIFORNIA SANTA CRUZ; DANA-FARBER CANCER INST,NHGRI,USD:2467278,2467278.0,2018-05-01T00:00:00,2027-08-31T00:00:00,OK
lightaime/sgas,10.1109/CVPR42600.2020.00169,,False,,0,0,0,,,,,,,,,,,,,,PMID not found and no local snapshot grants
lightaime/deep_gcns_torch,10.1109/TPAMI.2021.3074057,,False,,0,0,0,,,,,,,,,,,,,,PMID not found and no local snapshot grants
lightdock/lightdock-python2.7,10.1093/bioinformatics/btx555,28968719,True,Other,9,8,1,2014-SGR-1051; TIN2015-65316; SEV-2015-0493; 687698; BIO2013-48213-R; BIO2016-79930-R; TIN2015-65316-P; EU H2020,,,,Other,,,,Other,,,,,Not in NIH RePORTER (non-NIH funder via local snapshot)
lightdock/lightdock,10.1093/bioinformatics/btx555,28968719,True,Other,9,8,1,2014-SGR-1051; TIN2015-65316; SEV-2015-0493; 687698; BIO2013-48213-R; BIO2016-79930-R; GA 687698; EU H2020,,,,Other,,,,Other,,,,,Not in NIH RePORTER (non-NIH funder via local snapshot)
linnabrown/run_dbcan,10.1093/nar/gkad328,37125649,True,NIH; NSF; Other,6,2,4,3R01GM140370-03S1; 1933521,R01GM140370,UNIVERSITY OF NEBRASKA LINCOLN; University of Nebraska-Lincoln,NE,NIGMS; NSF,USD:806429,806429.0,UNIVERSITY OF NEBRASKA LINCOLN; University of Nebraska-Lincoln,NIAID; NIGMS; NSF; Other,USD:931429,931429.0,2019-04-01 00:00:00,2025-05-31T00:00:00,OK
liusihan/seGMM,10.3389/fgene.2022.850804,35309142,False,,0,0,0,,,,,,,,,,,,,,Not in NIH RePORTER
liyao001/BioQueue,10.1093/bioinformatics/btx403,28633441,True,Other,2,1,1,81672795,,,,Other,,,,Other,,,,,Not in NIH RePORTER (non-NIH funder via local snapshot)
llrs/BioCor,10.18129/B9.bioc.BiocParallel,,False,,0,0,0,,,,,,,,,,,,,,PMID not found and no local snapshot grants
lmb-embrapa/machado,10.1093/gigascience/giaa097,32930331,True,Other,1,1,0,13.16.04.010.00.00,,,,Other,,,,Other,,,,,Not in NIH RePORTER (non-NIH funder via local snapshot)
lmdu/pyfastx,10.1093/bib/bbaa368,33341884,True,Other,1,0,1,,,,,,,,,Other,,,,,Not in NIH RePORTER (non-NIH funder via local snapshot)
loosolab/TOBIAS,10.1038/s41467-020-18035-1,32848148,True,Other,7,0,7,,,,,,,,,Other,EUR:2528658,,2016-01-01 00:00:00,2016-12-31 00:00:00,Not in NIH RePORTER (non-NIH funder via local snapshot)
louiejtaylor/grabseqs,10.1093/bioinformatics/btaa167,32154830,True,NIH,6,1,5,5R01AI082020-09,R01AI082020,UNIVERSITY OF PENNSYLVANIA,PA,NIAID,USD:271110,271110.0,UNIVERSITY OF PENNSYLVANIA,NIAID; NHLBI,USD:3529918,3529918.0,1989-07-01T00:00:00,2029-04-30T00:00:00,OK
LRB-IIMCB/ninetails,10.1038/s41467-025-57787-6,40102414,True,Other,3,2,1,2019/33/B/NZ2/01773; 2020/38/E/NZ2/00372,,,,Other,,,MIEDZYNARODOWY INSTYTUT BIOLOGII MOLEKULARNEJ I KOMORKOWEJ W WARSZAWIE,Other,EUR:2498888,,2018-11-01 00:00:00,2023-10-31 00:00:00,Not in NIH RePORTER (non-NIH funder via local snapshot)
lucinamay/biosynfoni,10.1186/s13321-025-01081-6,40883809,False,,0,0,0,,,,,,,,,,,,,,Not in NIH RePORTER
luntergroup/octopus,10.1038/s41587-021-00861-3,33782612,True,Other,4,3,1,203141/Z/16/Z; 203735; 203735/Z/16/Z,,,,Other,,,,Other,,,2016-10-01 00:00:00,2021-12-01 00:00:00,Not in NIH RePORTER (non-NIH funder via local snapshot)
luquelab/pyCapsid,10.1093/bioinformatics/btad761,38113434,True,NSF; Other,3,1,2,1951678,,San Diego State University,,NSF,USD:300000,300000.0,San Diego State University; San Diego State University Research Foundation,NSF; Other,USD:2351873,2351873.0,2017-06-01 00:00:00,2024-06-30 00:00:00,Not in NIH RePORTER (non-NIH funder via local snapshot)
lvclark/polyRAD,10.1186/s12859-022-04635-9,35317727,True,NSF; Other,2,2,0,1661490; 2018-68005-27937,,University of Illinois at Urbana-Champaign,,NSF; Other,USD:669458,669458.0,University of Illinois at Urbana-Champaign,NSF; Other,USD:669458,669458.0,2017-07-01 00:00:00,2022-06-30 00:00:00,Not in NIH RePORTER (non-NIH funder via local snapshot)
lvulliard/BioCircos.R,10.1093/bioinformatics/btw041,26819473,True,Other,2,0,2,,,,,,,,,Other,,,,,Not in NIH RePORTER (non-NIH funder via local snapshot)
MaayanLab/biojupies-plugins,10.1016/j.cels.2018.10.007,30447998,True,NIH,4,0,4,,,,,,,,ICAHN SCHOOL OF MEDICINE AT MOUNT SINAI,NHLBI; NCI; OD,USD:2996373,2996373.0,2014-08-01T00:00:00,2023-12-31T00:00:00,OK
MaayanLab/biojupies,10.1016/j.cels.2018.10.007,30447998,True,NIH,4,0,4,,,,,,,,ICAHN SCHOOL OF MEDICINE AT MOUNT SINAI,NHLBI; NCI; OD,USD:2996373,2996373.0,2014-08-01T00:00:00,2023-12-31T00:00:00,OK
magicDGS/ReadTools,10.1111/1755-0998.12741,29171165,True,Other,2,1,1,SPP 1529,,,,Other,,,,Other,EUR:7569555,,,,Not in NIH RePORTER (non-NIH funder via local snapshot)
MannLabs/alphadia,10.1038/s41587-025-02791-w,41120665,True,Other,1,0,1,,,,,,,,HELMHOLTZ ZENTRUM MUENCHEN DEUTSCHES FORSCHUNGSZENTRUM FUER GESUNDHEIT UND UMWELT GMBH,Other,EUR:7999999,,2020-03-01 00:00:00,2026-02-28 00:00:00,Not in NIH RePORTER (non-NIH funder via local snapshot)
MannLabs/directlfq,10.1016/j.mcpro.2023.100581,37225017,False,,0,0,0,,,,,,,,,,,,,,Not in NIH RePORTER
MannLabs/alphapept,10.1038/s41467-024-46485-4,38461149,True,Other,1,1,0,NNF14CC0001,,,,Other,,,,Other,,,,,Not in NIH RePORTER (non-NIH funder via local snapshot)
marbl/MetagenomeScope,10.1007/978-3-642-40453-5_26,,False,,0,0,0,,,,,,,,,,,,,,PMID not found and no local snapshot grants
MariaNattestad/Assemblytics,10.1093/bioinformatics/btw369,27318204,True,NIH; NSF,3,2,1,1350041; DBI-1350041,,Cold Spring Harbor Laboratory,,NSF,USD:599600,599600.0,JOHNS HOPKINS UNIVERSITY; Cold Spring Harbor Laboratory,NHGRI; NSF,USD:2465065,2465065.0,1999-09-01T00:00:00,2029-08-31T00:00:00,OK
MariaNattestad/Ribbon,10.1093/bioinformatics/btaa680,32766814,True,NIH; NSF,2,1,1,DBI-1350041,,,,NSF,,,JOHNS HOPKINS UNIVERSITY,NHGRI; NSF,USD:1865465,1865465.0,1999-09-01T00:00:00,2029-08-31T00:00:00,OK
markziemann/5pillars,10.1093/bib/bbad375,37870287,False,,0,0,0,,,,,,,,,,,,,,Not in NIH RePORTER
Marsilea-viz/marsilea,10.1101/2024.02.14.580236,,True,Other,1,1,0,MYRG2020-00100-FHS,,,,Other,,,,Other,,,,,OK
MartinLoza/Canek,10.1093/nargab/lqac022,35300461,False,,0,0,0,,,,,,,,,,,,,,Not in NIH RePORTER
Martinsos/opal,10.1186/1471-2105-12-221,21631914,False,,0,0,0,,,,,,,,,,,,,,Not in NIH RePORTER
Martinsos/edlib,10.1093/bioinformatics/btw753,28453688,True,Other,1,0,1,,,,,,,,,Other,,,,,Not in NIH RePORTER (non-NIH funder via local snapshot)
marvinquiet/Cellcano,10.1038/s41467-023-37439-3,37012226,True,NIH; Other,2,2,0,5R01GM122083-05; XDB38050100,R01GM122083,EMORY UNIVERSITY,GA,NIGMS; Other,USD:292144,292144.0,EMORY UNIVERSITY,NIGMS; Other,USD:292144,292144.0,2016-08-15T00:00:00,2022-07-31T00:00:00,OK
MathCancer/PhysiCell,10.1371/journal.pcbi.1005991,29474446,True,NIH; NSF,3,0,3,,,,,,,,UNIVERSITY OF SOUTHERN CALIFORNIA; School of Informatics and Computing,NCI; NSF,USD:7487429,7487429.0,2009-09-28T00:00:00,2023-08-31 00:00:00,OK
MatthewRalston/kmerdb,10.1016/j.csbj.2024.04.050,38711760,True,NIH,1,0,1,,,,,,,,"UNIVERSITY OF CALIFORNIA, SAN FRANCISCO",NIGMS,USD:1053672,1053672.0,2021-07-01T00:00:00,2031-06-30T00:00:00,OK
maxibor/pydamage,10.7717/peerj.11845,34395085,False,,0,0,0,,,,,,,,,,,,,,Not in NIH RePORTER
maxscheurer/pycontact,10.1016/j.bpj.2017.12.003,29414703,True,NIH; NSF; Other,3,2,1,MCB-1616590; INST 35/1134-1 FUGG,,,,NSF; Other,,,UNIVERSITY OF ILLINOIS AT URBANA-CHAMPAIGN,NIGMS; NSF; Other,USD:2074881,2074881.0,1997-08-01T00:00:00,2022-09-27T00:00:00,OK
Mayrlab/scUTRquant,10.1038/s41467-024-48254-9,38744866,True,NIH,4,1,3,5R35GM144046-05,R35GM144046,SLOAN-KETTERING INST CAN RESEARCH,NY,NIGMS,USD:400000,400000.0,WEILL MEDICAL COLL OF CORNELL UNIV; SLOAN-KETTERING INST CAN RESEARCH,NIGMS; NCI,USD:8966170,8966170.0,1997-01-20T00:00:00,2030-12-31T00:00:00,OK
mbhall88/drprg,10.1101/2023.05.04.539481,,False,,0,0,0,,,,,,,,,,,,,,PMID not found and no local snapshot grants
mbhall88/head_to_head_pipeline,10.1016/S2666-5247(22)00301-9,36549315,False,,0,0,0,,,,,,,,,,,,,,Not in NIH RePORTER
mbhall88/rasusa,10.46471/gigabyte.180,42093749,True,Other,1,0,1,,,,,,,,Queensland University of Technology,Other,AUD:662040,,,,Not in NIH RePORTER (non-NIH funder via local snapshot)
mbhall88/tbpore,10.1016/S2666-5247(22)00301-9,36549315,False,,0,0,0,,,,,,,,,,,,,,Not in NIH RePORTER
mckennalab/FlashFry,10.1186/s12915-018-0545-0,29976198,True,NIH,3,0,3,,,,,,,,UNIVERSITY OF WASHINGTON,NHLBI; NHGRI,USD:1565433,1565433.0,1978-07-01T00:00:00,2021-12-31T00:00:00,OK
m-crown/SPEAR,10.1093/bioinformatics/btac391,35695776,False,,0,0,0,,,,,,,,,,,,,,Not in NIH RePORTER
McTavishLab/physcraper,10.1186/s12859-021-04274-6,34187366,True,NSF,4,2,2,1759846; ACI-1429783,,University of California - Merced,,NSF,USD:488150,488150.0,University of Kansas; University of California - Merced,NSF,USD:1954158,1954158.0,2014-08-01 00:00:00,2024-09-30 00:00:00,Not in NIH RePORTER (non-NIH funder via local snapshot)
mdshw5/pyfaidx,10.7287/peerj.preprints.970,,False,,0,0,0,,,,,,,,,,,,,,PMID not found and no local snapshot grants
medema-group/BiG-SCAPE,10.1038/s41467-026-68733-5,41580412,True,Other,6,3,3,NNF24SA0092560; DE-AC02; 05CH11231,,,,Other,,,,Other,,,,,Not in NIH RePORTER (non-NIH funder via local snapshot)
medvedevgroup/SibeliaZ,10.1038/s41467-020-19777-8,33303762,True,NIH; NSF,9,7,2,1421908; IIS-1453527; 1453527; 1356529; IIS-1421908; DBI-1356529; CCF-1439057,,The Pennsylvania State University; Pennsylvania State University,,NSF,USD:1782326,1782326.0,"PENNSYLVANIA STATE UNIVERSITY, THE; The Pennsylvania State University; Pennsylvania State University",NIGMS; NSF,USD:2897969,2897969.0,2014-06-01 00:00:00,2024-01-31T00:00:00,OK
medvedevgroup/TwoPaCo,10.1093/bioinformatics/btw609,27659452,True,NSF,1,0,1,,,,,,,,,NSF,,,,,Not in NIH RePORTER (non-NIH funder via local snapshot)
MEGA-GO/MegaGO,10.1021/acs.jproteome.0c00926,33661648,True,Other,19,3,16,G042518N; 1S90918N; H2020-INFRAIA-2018-1,,FWO,,Other,,,FWO,Other,EUR:9986186,,2018-01-01 00:00:00,2022-09-30 00:00:00,Not in NIH RePORTER (non-NIH funder via local snapshot)
mehrdadbakhtiari/adVNTR,10.1016/j.isci.2022.104785,35982790,True,NIH,3,2,1,5R01HG010149-08; 5R01GM114362-11,R01HG010149; R01GM114362,"UNIVERSITY OF CALIFORNIA, SAN DIEGO",CA,NHGRI; NIGMS,USD:546752,546752.0,"YALE UNIVERSITY; UNIVERSITY OF CALIFORNIA, SAN DIEGO",NHGRI; NIGMS,USD:2232007,2232007.0,2016-01-01T00:00:00,2028-07-31T00:00:00,OK
meringlab/FlashWeave.jl,10.1016/j.cels.2019.08.002,31542415,True,Other,1,1,0,31003A-160095,,,,Other,,,,Other,,,,,Not in NIH RePORTER (non-NIH funder via local snapshot)
metabaRfactory/metabaR,10.1111/2041-210X.13552,,False,,0,0,0,,,,,,,,,,,,,,PMID not found and no local snapshot grants
metageni/SUPER-FOCUS,10.1093/bioinformatics/bt,,False,,0,0,0,,,,,,,,,,,,,,PMID not found and no local snapshot grants
metagenlab/MeSS,10.1093/bioinformatics/btae760,39739308,True,Other,1,0,1,,,,,,,,University of Lausanne,Other,CHF:19422000,,2024-07-01 00:00:00,2028-06-30 00:00:00,Not in NIH RePORTER (non-NIH funder via local snapshot)
metagenlab/zAMP,10.1093/bioadv/vbaf255,41230489,True,Other,4,0,4,,,,,,,,University of Lausanne,Other,CHF:36281752,,2017-11-01 00:00:00,2028-06-30 00:00:00,Not in NIH RePORTER (non-NIH funder via local snapshot)
metagentools/gbintk,10.21105/joss.07713,,False,,0,0,0,,,,,,,,,,,,,,PMID not found and no local snapshot grants
metagenomics/metagenomics-tk,10.1093/nargab/lqaf093,40677915,True,Other,3,0,3,,,,,,,,LUONNONVARAKESKUS; ZB MED - Informationszentrum Lebenswissenschaften,Other,EUR:11209358,,2018-11-01 00:00:00,2023-10-31 00:00:00,Not in NIH RePORTER (non-NIH funder via local snapshot)
MGEScan/mgescan,10.1093/bioinformatics/btw157,27153595,False,,0,0,0,,,,,,,,,,,,,,Not in NIH RePORTER
mhahsler/rBLAST,10.18129/B9.bioc.rBLAST,,False,,0,0,0,,,,,,,,,,,,,,PMID not found and no local snapshot grants
MHH-RCUG/Wochenende,10.1101/2022.03.18.484377,,True,Other,4,2,2,82DZL002A1; SFB900,,,,Other,,,Medizinische Hochschule Hannover,Other,EUR:47494799,,2010-01-01 00:00:00,2022-12-31 00:00:00,OK
MicrobeLab/DeepMicrobes,10.1093/nargab/lqaa009,33575556,True,Other,2,2,0,2015CB964601; 81570828,,,,Other,,,,Other,,,,,Not in NIH RePORTER (non-NIH funder via local snapshot)
milaboratory/mixcr,10.1093/nar/gkn838,18978023,False,,0,0,0,,,,,,,,,,,,,,Not in NIH RePORTER
mims-harvard/PrimeKG,10.1038/s41597-023-01960-3,36732524,False,,0,0,0,,,,,,,,,,,,,,Not in NIH RePORTER
mitoNGS/MToolBox,10.1093/bioinformatics/btu483,25028726,False,,0,0,0,,,,,,,,,,,,,,Not in NIH RePORTER
ML4GLand/EUGENe,10.1038/s43588-023-00544-w,38177592,True,NIH; Other,7,1,6,3DP2HG010013-01S1,DP2HG010013,"UNIVERSITY OF CALIFORNIA, SAN DIEGO",CA,NHGRI,USD:104502,104502.0,"UNIVERSITY OF CALIFORNIA, SAN DIEGO; BROAD INSTITUTE, INC.",NHGRI; NLM; NIGMS; OD; Other,USD:2750904; EUR:439767,2750904.0,2010-09-13T00:00:00,2028-09-17T00:00:00,OK
mmagnus/rna-tools,10.1093/nar/gkz1108,31799609,True,Other,8,5,3,2016/23/B/ST6/03931; 2016/23/N/ST6/03779; 2015/17/N/NZ2/03360; MAB/20172; 2017/26/A/NZ1/01083,,,,Other,,,Délégation Alsace,Other,EUR:532000,,2015-10-01 00:00:00,,Not in NIH RePORTER (non-NIH funder via local snapshot)
molbiodiv/bcgTree,10.1139/gen-2015-0175,27603265,False,,0,0,0,,,,,,,,,,,,,,Not in NIH RePORTER
molbiodiv/biojs-io-biom,10.1186/2047-217X-1-7,23587224,False,,0,0,0,,,,,,,,,,,,,,Not in NIH RePORTER
molevol-ub/bitacora,10.1093/gbe/evy081,29788250,True,Other,5,5,0,2014SGR; CGL2013-45211; BES-2014-068437; CGL2016-75255; 2014SGR-1055,,,,Other,,,,Other,,,,,Not in NIH RePORTER (non-NIH funder via local snapshot)
monarch-initiative/SvAnna,10.1186/s13073-022-01046-6,35484572,True,NIH; Other,8,1,7,3R01HD103805-06S1,R01HD103805,JACKSON LABORATORY,ME,NICHD,USD:141664,141664.0,CHILDREN'S HOSP OF PHILADELPHIA; UNIVERSITY OF CONNECTICUT SCH OF MED/DNT; INSTITUTE FOR BASIC RES IN DEV DISABIL; UNIV OF NORTH CAROLINA CHAPEL HILL; JACKSON LABORATORY; EBERHARD KARLS UNIVERSITAET TUEBINGEN,NINDS; NIGMS; OD; NICHD; Other,EUR:15361621; USD:2411602,2411602.0,2018-01-01 00:00:00,2031-03-31T00:00:00,OK
montilab/hypeR,10.1093/bioinformatics/btz700,31498385,True,NIH,1,0,1,,,,,,,,TRANSLATIONAL GENOMICS RESEARCH INST,NIA,USD:50000,50000.0,2004-09-30T00:00:00,2029-08-31T00:00:00,OK
montilab/pipeliner,10.3389/fgene.2019.00614,31316552,False,,0,0,0,,,,,,,,,,,,,,Not in NIH RePORTER
moosa-r/rbioapi,10.1093/bioinformatics/btac172,35561170,False,,0,0,0,,,,,,,,,,,,,,Not in NIH RePORTER
mooreryan/iroki_cli,10.1101/106138,,True,Other,1,1,0,2012-68003-30155,,,,Other,,,,Other,,,,,OK
mooreryan/iroki,10.7717/peerj.8584,32149022,True,NIH,1,0,1,,,,,,,,UNIVERSITY OF DELAWARE,NIGMS,USD:530904,530904.0,2001-09-30T00:00:00,2030-04-30T00:00:00,OK
mortazavilab/PyWGCNA,10.1093/bioinformatics/btad415,37399090,True,NIH,2,1,1,NIH U54,,,,NIH,,,UNIVERSITY OF CALIFORNIA-IRVINE,NIA; NIH,USD:9243388,9243388.0,2017-09-15T00:00:00,2027-08-31T00:00:00,OK
mortazavilab/swan_vis,10.1093/bioinformatics/btaa836,32991665,True,NIH,1,1,0,3UM1HG009443-04S1,UM1HG009443,CALIFORNIA INSTITUTE OF TECHNOLOGY,CA,NHGRI,USD:2236823,2236823.0,CALIFORNIA INSTITUTE OF TECHNOLOGY,NHGRI,USD:2236823,2236823.0,2017-02-01T00:00:00,2023-01-31T00:00:00,OK
MoseleyBioinformaticsLab/categoryCompare2,10.3389/fgene.2014.00098,24808906,True,NIH; Other,5,1,4,R21NS080091,,,,NIH,,,UNIVERSITY OF LOUISVILLE,NCRR; NIGMS; Other; NIH,USD:8627107,8627107.0,2001-09-30T00:00:00,2029-04-30T00:00:00,OK
MoseleyBioinformaticsLab/visualizationQualityControl,10.1093/bioinformatics/bt,,False,,0,0,0,,,,,,,,,,,,,,PMID not found and no local snapshot grants
MoseleyBioinformaticsLab/mwtab,10.3390/metabo16010076,41590684,True,NIH; Other,4,3,1,5U24DK141185-03; 1R03LM014928-01; 2020026,U24DK141185; R03LM014928,"UNIVERSITY OF CALIFORNIA, SAN DIEGO; UNIVERSITY OF KENTUCKY",CA; KY,NIDDK; NLM; Other,USD:1200021,1200021.0,"UNIVERSITY OF CALIFORNIA, SAN DIEGO; UNIVERSITY OF KENTUCKY",NIDDK; NLM; NIEHS; Other,USD:1210021,1210021.0,2023-06-10T00:00:00,2029-06-30T00:00:00,OK
mpieva/quicksand,10.1093/molbev/msaf305,41287599,False,,0,0,0,,,,,,,,,,,,,,Not in NIH RePORTER
mpxv-lineages/lineage-designation,10.1038/s41591-025-03820-6,40731088,False,,0,0,0,,,,,,,,,,,,,,Not in NIH RePORTER
MRCIEU/gwas2vcfweb,10.1186/s13059-020-02248-0,33441155,True,NIH; Other,10,6,4,MC_UU_00011/4; 208806; 208806/Z/17/Z; 29019; MC_UU_00011; Z/17/Z,,,,Other,,,"ICAHN SCHOOL OF MEDICINE AT MOUNT SINAI; UNIVERSITY OF CALIFORNIA, SAN FRANCISCO",NIA; Other,USD:1476226,1476226.0,2016-07-15T00:00:00,2025-11-30T00:00:00,OK
MRCIEU/opengwas-api,10.1101/2020.08.10.244293,,True,Other,11,11,0,MC_UU_00011/4; MC_UU_00011/1; AA/18/7/34219; C18281/A19169; 209739/Z/17/Z; 208806/Z/17/Z; C18281; MC_UU_00011; C52724/A20138; Z/17/Z; A19169,,,,Other,,,,Other,,,2018-03-31 00:00:00,2023-03-30 00:00:00,OK
MRCIEU/gwas2vcf,10.1186/s13059-020-02248-0,33441155,True,NIH; Other,10,6,4,MC_UU_00011/4; 208806; 208806/Z/17/Z; 29019; MC_UU_00011; Z/17/Z,,,,Other,,,"ICAHN SCHOOL OF MEDICINE AT MOUNT SINAI; UNIVERSITY OF CALIFORNIA, SAN FRANCISCO",NIA; Other,USD:1476226,1476226.0,2016-07-15T00:00:00,2025-11-30T00:00:00,OK
MrOlm/drep,10.1038/ismej.2017.126,28742071,True,NIH; NSF; Other,5,2,3,2R01AI092531-16; Grant No. DGE 1106400,R01AI092531,UNIVERSITY OF CALIFORNIA BERKELEY,CA,NIAID; NSF,USD:447380,447380.0,UNIVERSITY OF CALIFORNIA BERKELEY; University of California-Berkeley,NIAID; NSF; Other,USD:125961707,125961707.0,2010-12-01 00:00:00,2031-06-30T00:00:00,OK
MrOlm/inStrain,10.1038/s41587-020-00797-0,33462508,True,NIH; NSF; Other,3,2,1,DGE 1106400; APSF-2012-10-05,,,,NSF; Other,,,UNIVERSITY OF CALIFORNIA BERKELEY,NIAID; NSF; Other,USD:447380,447380.0,2011-07-15T00:00:00,2031-06-30T00:00:00,OK
ms609/Quartet,10.1093/bioinformatics/btu157,24651968,False,,0,0,0,,,,,,,,,,,,,,Not in NIH RePORTER
ms609/TreeSearch,10.1093/sysbio/syy083,30535172,True,Other,1,1,0,FP/2007–2013,,,,Other,,,,Other,,,,,Not in NIH RePORTER (non-NIH funder via local snapshot)
ms609/TreeDist,10.1093/molbev/msw124,27343287,True,Other,1,0,1,,,,,,,,,Other,GBP:1002243,,2013-09-30 00:00:00,2018-07-30 00:00:00,Not in NIH RePORTER (non-NIH funder via local snapshot)
muellan/metacache,10.1093/bioinformatics/btx520,28961782,False,,0,0,0,,,,,,,,,,,,,,Not in NIH RePORTER
Multiomics-Analytics-Group/vuegen,10.1093/bioadv/vbaf149,40626042,True,Other,1,1,0,NNF20CC0035580,,,,Other,,,,Other,,,,,Not in NIH RePORTER (non-NIH funder via local snapshot)
MultiQC/MultiQC,10.1093/bioinformatics/btw354,27312411,False,,0,0,0,,,,,,,,,,,,,,Not in NIH RePORTER
murphycj/AGFusion,10.1101/080903,,False,,0,0,0,,,,,,,,,,,,,,PMID not found and no local snapshot grants
nanxstats/Rcpi,10.1093/bioinformatics/btu624,25246429,True,Other,3,3,0,2015CB910700; 81402853; No. 81402853,,,,Other,,,,Other,,,,,Not in NIH RePORTER (non-NIH funder via local snapshot)
natir/yacrd,10.1093/bioinformatics/btaa262,32315402,True,Other,1,0,1,,,,,,,,Centre Île-de-France - Jouy-en-Josas - Antony,Other,EUR:12000000,,2017-01-01 00:00:00,,Not in NIH RePORTER (non-NIH funder via local snapshot)
naturalis/wgs2ncbi,10.21105/joss.01364,,False,,0,0,0,,,,,,,,,,,,,,PMID not found and no local snapshot grants
ncbi/amr,10.1038/s41598-021-91456-0,34135355,True,Other,1,0,1,,,,,,,,,Other,,,,,Not in NIH RePORTER (non-NIH funder via local snapshot)
ncbi/elastic-blast,10.1186/s12859-023-05245-9,36967390,False,,0,0,0,,,,,,,,,,,,,,Not in NIH RePORTER
neherlab/pangraph,10.1099/mgen.0.001034,37278719,True,Other,2,2,0,2919.02; 220422/Z/20/Z,,,,Other,,,,Other,,,,,Not in NIH RePORTER (non-NIH funder via local snapshot)
Nesvilab/MSFragger,10.1038/s41592-019-0428-x,,False,,0,0,0,,,,,,,,,,,,,,PMID not found and no local snapshot grants
Nesvilab/philosopher,10.1038/s41592-020-0912-y,32669682,True,NIH,2,1,1,5R01GM094231-16,R01GM094231,UNIVERSITY OF MICHIGAN AT ANN ARBOR,MI,NIGMS,USD:250000,250000.0,UNIVERSITY OF MICHIGAN AT ANN ARBOR,NCI; NIGMS,USD:749874,749874.0,2010-09-27T00:00:00,2027-06-30T00:00:00,OK
neurogenomics/HPOExplorer,10.1101/2023.02.13.23285820,,True,Other,1,0,1,,,,,,,,,Other,GBP:1224262,,2021-02-01 00:00:00,2026-01-31 00:00:00,OK
neurogenomics/orthogene,10.64898/2026.01.17.700094,,True,Other,1,0,1,,,,,,,,,Other,GBP:1224262,,2021-02-01 00:00:00,2026-01-31 00:00:00,OK
nextflow-io/nextflow,10.1038/nbt.3820,28398311,False,,0,0,0,,,,,,,,,,,,,,Not in NIH RePORTER
nf-core/circrna,10.1186/s12859-022-05125-8,36694127,True,Other,1,0,1,,,,,,,,University of Galway,Other,EUR:17210106,,2019-03-01 00:00:00,2026-08-31 00:00:00,Not in NIH RePORTER (non-NIH funder via local snapshot)
nf-core/configs,10.1038/s41587-020-0439-x,32055031,True,Other,5,0,5,,,,,,,,,Other,,,,,Not in NIH RePORTER (non-NIH funder via local snapshot)
nf-core/drugresponseeval,10.1101/2025.05.26.655288,,True,Other,1,0,1,,,,,,,,,Other,,,,,OK
nf-core/epitopeprediction,10.1038/s41587-020-0439-x,32055031,True,Other,5,0,5,,,,,,,,,Other,,,,,Not in NIH RePORTER (non-NIH funder via local snapshot)
nf-core/eager,10.1186/s13059-016-0918-z,27036623,False,,0,0,0,,,,,,,,,,,,,,Not in NIH RePORTER
nf-core/genomeqc,10.1038/s41587-020-0439-x,32055031,True,Other,5,1,4,815668 (BovReg),,,,Other,,,,Other,,,,,Not in NIH RePORTER (non-NIH funder via local snapshot)
nf-core/funcscan,10.1038/s41587-020-0439-x,32055031,True,Other,5,1,4,398967434–TRR 261,,,,Other,,,,Other,,,,,Not in NIH RePORTER (non-NIH funder via local snapshot)
nf-core/mag,10.1093/nargab/lqac007,35118380,True,Other,4,1,3,EXC 2180 - 390900677,,,,Other,,,,Other,,,,,Not in NIH RePORTER (non-NIH funder via local snapshot)
nf-core/pairgenomealign,10.1101/2023.05.09.539028,,True,Other,1,0,1,,,,,,,,,Other,,,,,OK
nf-core/pangenome,10.1093/bioinformatics/btae609,39400346,True,Other,10,10,0,031A537C; 031A533B; 031A538A; 031A537B; 031A533A; 031A532B; 031A535A; 031A534A; 031A537A; 031A537D,,,,Other,,,,Other,,,,,Not in NIH RePORTER (non-NIH funder via local snapshot)
nf-core/phaseimpute,10.1038/s41587-020-0439-x,32055031,True,Other,5,0,5,,,,,,,,,Other,,,,,Not in NIH RePORTER (non-NIH funder via local snapshot)
nf-core/proteinfamilies,10.1093/gigascience/giag009,41563008,True,Other,1,1,0,DE-AC02-05CH11231,,,,Other,,,,Other,,,,,Not in NIH RePORTER (non-NIH funder via local snapshot)
nf-core/references,10.1038/s41587-020-0439-x,32055031,True,Other,5,0,5,,,,,,,,,Other,,,,,Not in NIH RePORTER (non-NIH funder via local snapshot)
nf-core/rnasplice,10.1038/s41587-020-0439-x,32055031,True,Other,5,1,4,815668 (BovReg),,,,Other,,,,Other,,,,,Not in NIH RePORTER (non-NIH funder via local snapshot)
nf-core/sammyseq,10.1038/s41467-020-20048-9,33293552,True,Other,2,1,1,18535,,,,Other,,,,Other,,,,,Not in NIH RePORTER (non-NIH funder via local snapshot)
nf-core/sarek,10.1093/nargab/lqae031,38666213,True,Other,3,0,3,,,,,,,,Eberhard Karls Universität Tübingen; Ruprecht-Karls-Universität Heidelberg,Other,EUR:24297108,,2017-01-01 00:00:00,2022-12-31 00:00:00,Not in NIH RePORTER (non-NIH funder via local snapshot)
nf-core/spatialvi,10.1038/s41587-020-0439-x,32055031,True,Other,5,0,5,,,,,,,,,Other,,,,,Not in NIH RePORTER (non-NIH funder via local snapshot)
nf-core/taxprofiler,10.1101/2023.10.20.563221,,False,,0,0,0,,,,,,,,,,,,,,PMID not found and no local snapshot grants
nf-core/tfactivity,10.1093/bioinformatics/btad062,36708003,True,Other,6,1,5,TRR 267,,,,Other,,,Technische Universität München (TUM); Justus-Liebig-Universität Gießen,Other,EUR:6816383,,2019-01-01 00:00:00,2019-12-31 00:00:00,Not in NIH RePORTER (non-NIH funder via local snapshot)
nf-core/tools,10.1038/s41587-020-0439-x,32055031,True,Other,5,0,5,,,,,,,,,Other,,,,,Not in NIH RePORTER (non-NIH funder via local snapshot)
ngless-toolkit/ngless,10.1186/s40168-019-0684-8,31159881,True,Other,3,0,3,,,,,,,,"Instituto de Engenharia de Sistemas e Computadores, Investigação e Desenvolvimento em Lisboa (INESC-ID/INESC/IST/ULisboa)",Other,EUR:485000,,2013-07-01 00:00:00,2016-07-03 00:00:00,Not in NIH RePORTER (non-NIH funder via local snapshot)
nhejazi/biotmle,10.21105/joss.00295,,False,,0,0,0,,,,,,,,,,,,,,PMID not found and no local snapshot grants
nhhaidee/scovtree,10.1038/s41587-020-0439-x,32055031,True,Other,5,0,5,,,,,,,,,Other,,,,,Not in NIH RePORTER (non-NIH funder via local snapshot)
nleroy917/optipyzer,10.1101/2023.05.22.541759,,False,,0,0,0,,,,,,,,,,,,,,PMID not found and no local snapshot grants
nloyfer/wgbs_tools,10.1186/s12859-023-05163-w,36721080,False,,0,0,0,,,,,,,,,,,,,,Not in NIH RePORTER
Novartis/pisces,10.1101/2020.12.01.390575,,False,,0,0,0,,,,,,,,,,,,,,PMID not found and no local snapshot grants
nselem/corason,10.1101/445270,,True,Other; NIH,6,2,4,863.15.002; 15.002,,,,Other,,,,Other; NIH,,,,,OK
odenas/indexed_ms,10.1101/2021.10.05.463202,,False,,0,0,0,,,,,,,,,,,,,,PMID not found and no local snapshot grants
oist/plessy_pairwiseGenomeComparison,10.1101/gr.278295.123,38621828,True,Other,9,2,7,PID2019-110562GB-I00; PID2022-141627NB-I00,,,,Other,,,,Other,,,,,Not in NIH RePORTER (non-NIH funder via local snapshot)
OliveiraDS-hub/ChimeraTE,10.1093/nar/gkad671,37615575,True,Other,12,10,2,ANR-14-CE19-0016; CE19-0016; DEP20131128536; H2020-MSCA; H2020-MSCA-IF-2014; 2020/06238-2; ANR-14-CE19-0016-01; 14-CE19-0016; MSCA-IF-2014; 308020/2021-9,,Laboratoire de Biométrie et Biologie Evolutive - UCBL,,Other,EUR:438880,,Laboratoire de Biométrie et Biologie Evolutive; Laboratoire de Biométrie et Biologie Evolutive - UCBL,Other,EUR:1036591,,2014-10-01 00:00:00,,Not in NIH RePORTER (non-NIH funder via local snapshot)
OmarOakheart/nPhase,10.1186/s13059-021-02342-x,33926549,True,NIH; Other,8,5,3,ANR-16-CE12; 16-CE12-0019; ANR-18-CE20-0003-02; ANR-18; 772505,,,,Other,,,UNIVERSITY OF WASHINGTON; Université Pierre et Marie Curie; Oenology Research Unit,NIGMS; Other,EUR:1231653; USD:212391,212391.0,2012-05-07T00:00:00,2022-01-31T00:00:00,OK
OmicsML/dance,10.1186/s13059-024-03211-z,38504331,True,NIH; NSF; Other,18,9,9,IIS2212032; IOS2107215; IIS1845081; IOS2035472; DUE 2234015; W911NF-21-1-; IIS2212144; W911NF-21-1-0198; W911NF,,,,NSF; Other,,,UNIVERSITY OF TX MD ANDERSON CAN CTR; UNIVERSITY OF MICHIGAN AT ANN ARBOR; CALIFORNIA MEDICAL INNOVATIONS INSTITUTE; Michigan State University; University of Southern California,NIDCR; NHLBI; NSF; Other,USD:6069674,6069674.0,2018-09-01T00:00:00,2028-07-31T00:00:00,OK
omnibenchmark/omnibenchmark,10.48550/arXiv.2409.17038,,False,,0,0,0,,,,,,,,,,,,,,PMID not found and no local snapshot grants
OndrejSladky/kmercamel,10.1101/2023.02.01.526717,,True,Other,2,2,0,UNCE/SCI/004; 22-22997S,,,,Other,,,,Other,,,,,OK
open2c/bioframe,10.1093/bioinformatics/btae088,38402507,True,NIH; Other,4,1,3,HG011536,,,,NIH,,,UNIV OF MASSACHUSETTS MED SCH WORCESTER; UNIVERSITY OF SOUTHERN CALIFORNIA,NIDDK; NIGMS; Other; NIH,USD:440391,440391.0,2015-09-30T00:00:00,2026-05-31T00:00:00,OK
open2c/cooler,10.1093/bioinformatics/btz540,31290943,True,NIH,2,0,2,,,,,,,,UNIV OF MASSACHUSETTS MED SCH WORCESTER; HARVARD MEDICAL SCHOOL,NIDDK; NCI,USD:2145902,2145902.0,2015-09-07T00:00:00,2026-08-31T00:00:00,OK
open2c/coolpuppy,10.1093/bioinformatics/btaa073,32003791,True,Other,3,1,2,MR/K017047/1,,,,Other,,,,Other,GBP:1203638,,2019-03-31 00:00:00,2025-12-31 00:00:00,Not in NIH RePORTER (non-NIH funder via local snapshot)
open2c/pairtools,10.1101/2023.02.13.528389,36824968,True,NIH,2,1,1,3UM1HG011536-04S2,UM1HG011536,UNIV OF MASSACHUSETTS MED SCH WORCESTER,MA,NHGRI,USD:150000,150000.0,UNIV OF MASSACHUSETTS MED SCH WORCESTER; UNIVERSITY OF SOUTHERN CALIFORNIA,NHGRI; NIGMS,USD:400000,400000.0,2020-09-18T00:00:00,2026-05-31T00:00:00,OK
OpenGene/AfterQC,10.1186/s12859-017-1469-3,28361673,True,Other,1,0,1,,,,,,,,中国科学院深圳先进技术研究院,Other,CNY:800000,,2014-01-01 00:00:00,2018-12-31 00:00:00,Not in NIH RePORTER (non-NIH funder via local snapshot)
OpenGene/fastp,10.1002/imt2.70078,41112039,False,,0,0,0,,,,,,,,,,,,,,Not in NIH RePORTER
OpenGene/fastv,10.1101/2020.05.12.092163,,True,Other,1,1,0,XMHT20190104006,,,,Other,,,,Other,,,,,OK
OpenGene/MutScan,10.1186/s12859-018-2024-6,29357822,True,Other,3,2,1,2015AA043203; 863 Program,,,,Other,,,中国科学院深圳先进技术研究院,Other,CNY:800000,,2014-01-01 00:00:00,2018-12-31 00:00:00,Not in NIH RePORTER (non-NIH funder via local snapshot)
OpenGene/gencore,10.1186/s12859-019-3280-9,31881822,True,Other,1,0,1,,,,,,,,,Other,,,,,Not in NIH RePORTER (non-NIH funder via local snapshot)
oschwengers/asap,10.1371/journal.pcbi.1007134,32134915,True,Other,19,16,3,SFB1021 Z02 (SFB 1021/2 2017); 8032808811; 031A533B; HA 5225/1-1; SFB-TR84; SFB1021 Z02; KFO309 Z1 (HA 5225/1-1); SFB-TR84 project B08; SFB 1021; TI06.001; FKZ 031A533B; SFB-TR84 project B08 (TRR84/3 2018); KFO309; SFB-TR84 project A04 (TRR84/3 2018); KFO309 Z1 (GO 2037/5-1); TRR84/3 2018,,,,Other,,,,Other,,,,,Not in NIH RePORTER (non-NIH funder via local snapshot)
oschwengers/referenceseeker,10.21105/joss.01994,,True,Other,12,11,1,8032808811; HA 5225/1-1; SFB-TR84; SFB1021 Z02; SFB-TR84 project B08; SFB 1021; TI06.001; FKZ 031A533B; 8000 701-3; KFO309; TRR84/3 2018,,,,Other,,,,Other,,,,,OK
oschwengers/platon,10.1099/mgen.0.000398,32579097,True,Other,9,9,0,GO 2037/5-1; HA 5225/1-1; 8032808811; 8032808820; 8000 701–3; TI06.001; FKZ 031A533B; SFB 1021/2 2017; TRR84/3 2018,,,,Other,,,,Other,,,,,Not in NIH RePORTER (non-NIH funder via local snapshot)
oschwengers/bakta,10.1099/mgen.0.000685,34739369,False,,0,0,0,,,,,,,,,,,,,,Not in NIH RePORTER
Oshlack/splatter,10.1186/s13059-017-1305-0,28899397,True,Other,1,1,0,APP1126157,,,,Other,,,,Other,,,,,Not in NIH RePORTER (non-NIH funder via local snapshot)
owkin/PyDESeq2,10.1093/bioinformatics/btad547,37669147,False,,0,0,0,,,,,,,,,,,,,,Not in NIH RePORTER
PaccMann/TITAN,10.1093/bioinformatics/btab294,34252922,True,Other,3,0,3,,,,,,,,"Technikon (Austria); THE PROVOST, FELLOWS, FOUNDATION SCHOLARS & THE OTHER MEMBERS OF BOARD, OF THE COLLEGE OF THE HOLY & UNDIVIDED TRINITY OF QUEEN ELIZABETH NEAR DUBLIN",Other,EUR:18798738,,2019-01-01 00:00:00,2023-11-30 00:00:00,Not in NIH RePORTER (non-NIH funder via local snapshot)
PapenfussLab/bionix,10.1093/gigascience/giaa121,33205815,True,Other,2,2,0,1116955; 1054618,,Walter and Eliza Hall Institute,,Other,AUD:706370,,Walter and Eliza Hall Institute,Other,AUD:706370,,2017-01-01 00:00:00,2021-12-31 00:00:00,Not in NIH RePORTER (non-NIH funder via local snapshot)
parashardhapola/scarf,10.1038/s41467-022-32097-3,35941103,True,Other,1,1,0,2019-,,,,Other,,,,Other,,,,,Not in NIH RePORTER (non-NIH funder via local snapshot)
PathologyDataScience/BCSS,10.1093/bioinformatics/btz083,30726865,True,NIH; Other,2,1,1,U01CA220401,,,,Other,,,EMORY UNIVERSITY,NCI; Other,USD:638631,638631.0,2015-05-01T00:00:00,2021-04-30T00:00:00,OK
pathwayforte/pathway-forte,10.3389/fgene.2019.01203,31824580,False,,0,0,0,,,,,,,,,,,,,,Not in NIH RePORTER
PathwayAndDataAnalysis/causalpath,10.1016/j.patter.2021.100257,34179843,True,NIH; Other,7,1,6,ACC-APG_RTP W911NF,,,,Other,,,"HARVARD MEDICAL SCHOOL; OREGON HEALTH & SCIENCE UNIVERSITY; UNIVERSITY OF CALIFORNIA, SAN DIEGO; UNIVERSITY OF TX MD ANDERSON CAN CTR",NHGRI; NHLBI; NIGMS; NCI; Other,USD:2523919,2523919.0,1996-08-28T00:00:00,2026-06-30T00:00:00,OK
PathwayMerger/PathMe,10.1186/s12859-019-2863-9,31092193,True,Other,4,2,2,2007-2013; FP7/2007,,,,Other,,,,Other,,,,,Not in NIH RePORTER (non-NIH funder via local snapshot)
PathwayMerger/PathMe-Viewer,10.1186/s12859-019-2863-9,31092193,True,Other,4,2,2,2007-2013; FP7/2007,,,,Other,,,,Other,,,,,Not in NIH RePORTER (non-NIH funder via local snapshot)
paulsengroup/hictk,10.1093/bioinformatics/btae408,38913844,True,Other,2,2,0,324137; 343102,,,,Other,,,,Other,,,,,Not in NIH RePORTER (non-NIH funder via local snapshot)
paulsengroup/hictkpy,10.1093/bioinformatics/btae408,38913844,True,Other,2,0,2,,,,,,,,,Other,,,,,Not in NIH RePORTER (non-NIH funder via local snapshot)
paulsengroup/modle,10.1186/s13059-022-02815-7,36451166,True,Other,2,2,0,324137; Sigma2,,,,Other,,,,Other,,,,,Not in NIH RePORTER (non-NIH funder via local snapshot)
paulsengroup/StripePy,10.1093/bioinformatics/btaf351,40511982,True,Other,2,2,0,324137; 343102,,,,Other,,,,Other,,,,,Not in NIH RePORTER (non-NIH funder via local snapshot)
paulstothard/cgview_comparison_tool,10.1186/1471-2164-13-202,22621371,False,,0,0,0,,,,,,,,,,,,,,Not in NIH RePORTER
PavlidisLab/gemma.R,10.1093/database/baab006,33599246,True,NIH,1,1,0,5R01MH111099-20,R01MH111099,UNIVERSITY OF BRITISH COLUMBIA,BC,NIMH,USD:367000,367000.0,UNIVERSITY OF BRITISH COLUMBIA,NIMH,USD:367000,367000.0,2005-08-01T00:00:00,2026-02-28T00:00:00,OK
PavlidisLab/neuroexpresso,10.1523/ENEURO.0212-17.2017,29204516,True,NIH,3,1,2,5R01GM076990-10,R01GM076990,UNIVERSITY OF BRITISH COLUMBIA,BC,NIGMS,USD:224710,224710.0,UNIVERSITY OF BRITISH COLUMBIA; UNIVERSITY OF PITTSBURGH AT PITTSBURGH,NIMH; NIGMS,USD:867480,867480.0,2005-08-01T00:00:00,2026-02-28T00:00:00,OK
PavlidisLab/neuroExpressoAnalysis,10.1523/ENEURO.0212-17.2017,29204516,True,NIH,3,1,2,5R01GM076990-10,R01GM076990,UNIVERSITY OF BRITISH COLUMBIA,BC,NIGMS,USD:224710,224710.0,UNIVERSITY OF BRITISH COLUMBIA; UNIVERSITY OF PITTSBURGH AT PITTSBURGH,NIMH; NIGMS,USD:867480,867480.0,2005-08-01T00:00:00,2026-02-28T00:00:00,OK
PCRuniversum/RDML,10.1093/bioinformatics/btx528,28961912,True,Other,1,1,0,03IPT611X,,,,Other,,,,Other,,,,,Not in NIH RePORTER (non-NIH funder via local snapshot)
pdimens/harpy,10.1093/bioadv/vbaf133,40575478,True,NSF,1,0,1,,,,,,,,Cornell University,NSF,USD:412592,412592.0,2023-09-01 00:00:00,2026-08-31 00:00:00,Not in NIH RePORTER (non-NIH funder via local snapshot)
PedroMTQ/mantis,10.1093/gigascience/giab042,34076241,True,Other,1,1,0,863664,,,,Other,,,,Other,,,,,Not in NIH RePORTER (non-NIH funder via local snapshot)
PengNi/deepsignal-plant,10.1038/s41467-021-26278-9,34645826,True,NSF; Other,11,5,6,61732009 and 61828205; U1909208; 61732009; 91953122; 61832019,,,,Other,,,Clemson University,NSF; Other,USD:3414857,3414857.0,2018-06-01 00:00:00,2026-09-30 00:00:00,Not in NIH RePORTER (non-NIH funder via local snapshot)
pensoft/OpenBiodiv,10.1186/s13326-017-0174-5,29347997,True,Other,2,1,1,Horizon 2020,,,,Other,,,,Other,EUR:3874278,,2015-01-01 00:00:00,2018-12-31 00:00:00,Not in NIH RePORTER (non-NIH funder via local snapshot)
pFindStudio/pLink2,10.1038/s41467-019-11337-z,31363125,True,Other,4,4,0,2016YFA0501300; 31470805; 21475141; 31700727,,中国科学院计算技术研究所,,Other,CNY:1650000,,中国科学院计算技术研究所,Other,CNY:1650000,,2014-01-01 00:00:00,2018-12-31 00:00:00,Not in NIH RePORTER (non-NIH funder via local snapshot)
pgxcentre/genipe,10.1093/bioinformatics/btw487,27497439,False,,0,0,0,,,,,,,,,,,,,,Not in NIH RePORTER
pha4ge/hAMRonization,10.1101/2024.03.07.583950,,True,Other,8,0,8,,,,,,,,,Other,GBP:5541653,,2018-03-31 00:00:00,2023-06-12 00:00:00,OK
phac-nml/sistr_cmd,10.1371/journal.pone.0147101,26800248,False,,0,0,0,,,,,,,,,,,,,,Not in NIH RePORTER
phac-nml/staramr,10.1093/jac/dks261,22782487,True,Other,2,0,2,,,,,,,,,Other,,,,,Not in NIH RePORTER (non-NIH funder via local snapshot)
pharmai/plip,10.1093/nar/gkab294,33950214,False,,0,0,0,,,,,,,,,,,,,,Not in NIH RePORTER
PharmGKB/PharmCAT,10.1002/cpt.928,29194583,True,NIH,5,0,5,,,,,,,,VANDERBILT UNIVERSITY MEDICAL CENTER; VANDERBILT UNIVERSITY; STANFORD UNIVERSITY,NHLBI; NIGMS; NIH,USD:4253095,4253095.0,2000-04-01T00:00:00,2020-02-29T00:00:00,OK
pierrebarbera/epa-ng,10.1093/sysbio/syy054,30165689,False,,0,0,0,,,,,,,,,,,,,,Not in NIH RePORTER
pirovc/ganon,10.1093/nargab/lqaf094,40677913,True,Other,1,1,0,458163427,,,,Other,EUR:329825,,,Other,EUR:329825,,2021-01-01 00:00:00,2024-12-31 00:00:00,Not in NIH RePORTER (non-NIH funder via local snapshot)
plantinformatics/pretzel,10.1101/517953,,True,Other,1,0,1,,,,,,,,,Other,,,,,OK
pllittle/UNMASC,10.1093/narcan/zcab040,34632388,True,NIH,7,0,7,,,,,,,,UNIV OF NORTH CAROLINA CHAPEL HILL; INTERNATIONAL AGENCY FOR RES ON CANCER; WASHINGTON UNIVERSITY,NCI; NIDCR,USD:7991263,7991263.0,1997-06-01T00:00:00,2027-11-30T00:00:00,OK
PoisonAlien/maftools,10.1101/gr.239244.118,30341162,True,Other,2,2,0,MOE2014-T3-1-006; NMRC/STaR/0021/2014,,,,Other,,,,Other,,,,,Not in NIH RePORTER (non-NIH funder via local snapshot)
poseidonchan/TAPE,10.1038/s41467-022-34550-9,36347853,True,Other,6,6,0,"4937025, 4937026, 5501517, 5501329; 4937025; 5501329; 5501517; 4937026; AoE/M-403/16",,,,Other,,,,Other,,,,,Not in NIH RePORTER (non-NIH funder via local snapshot)
prabhakarlab/Banksy_py,10.1038/s41588-024-01664-3,38413725,True,Other,8,3,5,202D800010; #H18/01/a0/020; I1801E0029,,,,Other,,,,Other,,,,,Not in NIH RePORTER (non-NIH funder via local snapshot)
prefixcommons/biocontext,10.1371/journal.pone.0015506,21085602,False,,0,0,0,,,,,,,,,,,,,,Not in NIH RePORTER
privefl/bigsnpr,10.1093/bioinformatics/bty185,29617937,True,Other,5,3,2,ANR-15-IDEX-02; ANR-11-LABX-0025-01; IDEX-02,,,,Other,,,Université Grenoble Alpes; Institut polytechnique de Grenoble,Other,EUR:133328439,,2012-03-01 00:00:00,,Not in NIH RePORTER (non-NIH funder via local snapshot)
pritykinlab/guidescan-cli,10.1186/s13059-025-03488-8,40011959,True,NIH; Other,7,2,5,5DP2AI171161-05; T32 GM152349,DP2AI171161,PRINCETON UNIVERSITY,NJ,NIAID; Other,USD:300000,300000.0,SLOAN-KETTERING INST CAN RESEARCH; PRINCETON UNIVERSITY,NHGRI; NCI; NIAID; Other,USD:10652934,10652934.0,1997-01-20T00:00:00,2031-04-30T00:00:00,OK
ps4dr/ps4dr,10.1186/s12859-020-03568-5,32503412,True,Other,4,2,2,2007-2013; FP7/2007,,,,Other,,,,Other,,,,,Not in NIH RePORTER (non-NIH funder via local snapshot)
PSSUN/CircCode,10.3389/fgene.2019.00981,31649739,True,Other,5,5,0,NCET-12-0896; 31770333; GK201403004; 31370329; 11631012,,,,Other,,,,Other,,,,,Not in NIH RePORTER (non-NIH funder via local snapshot)
Psy-Fer/SquiggleKit,10.1093/bioinformatics/btz586,31332428,False,,0,0,0,,,,,,,,,,,,,,Not in NIH RePORTER
pyani-plus/pyani-plus,10.1039/C5AY02550H,,False,,0,0,0,,,,,,,,,,,,,,PMID not found and no local snapshot grants
pybel/pybel-tools,10.1093/bioinformatics/btx660,29048466,False,,0,0,0,,,,,,,,,,,,,,Not in NIH RePORTER
pybel/pybel,10.1093/bioinformatics/btx660,29048466,False,,0,0,0,,,,,,,,,,,,,,Not in NIH RePORTER
pydna-group/pydna,10.1186/s12859-015-0544-x,25933606,True,Other,3,2,1,SFRH/BD/42565/2007; COMPETE,,,,Other,,,Universidade do Minho (UM),Other,EUR:43590,,2014-04-07 00:00:00,2015-09-30 00:00:00,Not in NIH RePORTER (non-NIH funder via local snapshot)
qiime2/Keemei,10.1186/s13742-016-0133-6,27296526,False,,0,0,0,,,,,,,,,,,,,,Not in NIH RePORTER
qiyunzhu/woltka,10.1093/bioinformatics/btad452,37490475,True,Other,4,3,1,72271237; CA204120; 20JZD023,,,,Other,,,中国人民大学,Other,CNY:240000,,2020-01-01 00:00:00,2023-12-31 00:00:00,Not in NIH RePORTER (non-NIH funder via local snapshot)
quadram-institute-bioscience/albatradis,10.1371/journal.pcbi.1007980,32678849,True,Other,6,4,2,BB/R012504/1; BBS/E/F/00044426; BB/CCG1860/1; BB/R012504,,,,Other,GBP:238064,,,Other,GBP:10140380,,2016-12-07 00:00:00,2023-03-30 00:00:00,Not in NIH RePORTER (non-NIH funder via local snapshot)
quadram-institute-bioscience/dadaist2,10.3390/ijms22105309,34069990,True,Other,4,2,2,BB/R012490/1; MR/T030062/1,,,,Other,,,,Other,GBP:6438508,,2017-11-01 00:00:00,2023-03-30 00:00:00,Not in NIH RePORTER (non-NIH funder via local snapshot)
quadram-institute-bioscience/socru,10.1099/mgen.0.000396,32584752,True,Other,3,2,1,BB/R012504/1; BB/CCG1860/1,,,,Other,,,,Other,GBP:1035482,,2018-03-31 00:00:00,2023-03-30 00:00:00,Not in NIH RePORTER (non-NIH funder via local snapshot)
r2dt-bio/R2DT,10.1038/s41467-021-23555-5,34108470,True,NIH; Other,6,1,5,218302/Z/19/Z,,,,Other,,,UNIVERSITY OF CALIFORNIA SANTA CRUZ; European Bioinformatics Institute,NHGRI; Other,USD:5031602; GBP:1038787,5031602.0,2012-07-16T00:00:00,2024-03-02 00:00:00,OK
RabbitBio/RabbitTClust,10.1186/s13059-023-02961-6,37198663,True,Other,3,3,0,61972231; 62102231; ZR2021QF089,,山东大学,,Other,CNY:600000,,山东大学,Other,CNY:600000,,2019-01-01 00:00:00,2023-12-31 00:00:00,Not in NIH RePORTER (non-NIH funder via local snapshot)
RagnarGrootKoerkamp/simd-sketch,10.1101/2025.01.27.634998,,True,Other,1,0,1,,,,,,,,,Other,,,,,OK
raimondilab/precogx,10.1093/nar/gkac426,35639758,True,Other,4,3,1,2020 - ID. 24317; 21H05113; JPJSBP120213501,,,,Other,,,Tohoku University,Other,JPY:41730000,,2021-04-05 00:00:00,2025-03-31 00:00:00,Not in NIH RePORTER (non-NIH funder via local snapshot)
rajewsky-lab/openst,10.1016/j.cell.2024.05.055,38917789,True,Other,4,4,0,RA 838/5-1; 81X2100155; KA 5006/1-1; CN_00000041,,,,Other,,,,Other,,,,,Not in NIH RePORTER (non-NIH funder via local snapshot)
RajLabMSSM/catalogueR,10.1093/bioinformatics/btab658,34529038,True,NIH; Other,11,6,5,1U01NS120256-01; 5U01AG068880-05; 3R21AG063130-01A1S1; 2R01NS116006-06; 5R01AG054005-05; P01 AG019724,U01NS120256; U01AG068880; R21AG063130; R01NS116006; R01AG054005,ICAHN SCHOOL OF MEDICINE AT MOUNT SINAI,NY,NINDS; NIA; Other,USD:2719591,2719591.0,STANFORD UNIVERSITY; ICAHN SCHOOL OF MEDICINE AT MOUNT SINAI,NINDS; NIA; Other,USD:5679591,5679591.0,2017-04-01T00:00:00,2031-06-30T00:00:00,OK
RajLabMSSM/echolocatoR,10.1093/bioinformatics/btab658,34529038,True,NIH; Other,11,9,2,1U01NS120256-01; 5U01AG068880-05; 3R21AG063130-01A1S1; 2R01NS116006-06; 5R01AG054005-05; 16743; P01 AG019724; U01 NS107016; 14899,U01NS120256; U01AG068880; R21AG063130; R01NS116006; R01AG054005,ICAHN SCHOOL OF MEDICINE AT MOUNT SINAI,NY,NINDS; NIA; Other,USD:2719591,2719591.0,STANFORD UNIVERSITY; ICAHN SCHOOL OF MEDICINE AT MOUNT SINAI,NINDS; NIA; Other,USD:5679591,5679591.0,2017-04-01T00:00:00,2031-06-30T00:00:00,OK
0xCoto/Virgo,10.21105/joss.03067,,False,,0,0,0,,,,,,,,,,,,,,PMID not found and no local snapshot grants
aabdurrouf/piXedfit,10.3847/1538-4365/abebe2,,False,,0,0,0,,,,,,,,,,,,,,PMID not found and no local snapshot grants
abatten/fruitbat,10.21105/joss.01399,,True,Other,1,0,1,,,,,,,,The Australian National University,Other,AUD:32408121,,2017-01-01 00:00:00,2024-12-31 00:00:00,OK
adrn/gala,10.21105/joss.00388,,False,,0,0,0,,,,,,,,,,,,,,PMID not found and no local snapshot grants
ajshajib/dolphin,10.3847/1538-4357/adf95c,,True,Other,4,4,0,HST-AR-16149; HST-GO-16773; HST-HF2-51492; HST-GO-15320,,,,Other,,,,Other,,,,,OK
AMReX-Astro/MAESTRO,10.1088/0067-0049/188/2/358,,False,,0,0,0,,,,,,,,,,,,,,PMID not found and no local snapshot grants
AMReX-Astro/Castro,10.21105/joss.02513,,True,Other; NSF,11,0,11,,,,,,,,SUNY at Stony Brook,Other; NSF,USD:1771143,1771143.0,1986-12-01 00:00:00,2017-08-31 00:00:00,OK
apace7/local_volume_database,10.33232/001c.144859,,False,,0,0,0,,,,,,,,,,,,,,PMID not found and no local snapshot grants
ArgonneCPAC/OpenCosmo,10.1016/j.fluid.2022.113472,,False,,0,0,0,,,,,,,,,,,,,,PMID not found and no local snapshot grants
arjunsavel/SImMER,10.1088/1538-3873/aca4f9,,True,Other,1,0,1,,,,,,,,,Other,,,,,OK
askap-vast/vast-pipeline,10.1017/pasa.2026.10171,,False,,0,0,0,,,,,,,,,,,,,,PMID not found and no local snapshot grants
asteca/ASteCA,10.1051/0004-6361/201424946,,True,Other,1,1,0,CONICET,,,,Other,,,,Other,,,,,OK
astro-group-bristol/Gradus.jl,10.1093/mnras/staf1770,,True,Other,2,2,0,ST/Y001990/1; EP/S023992/1,,,,Other,GBP:437061,,,Other,GBP:437061,,2024-03-31 00:00:00,2027-03-30 00:00:00,OK
bcalden/ClusterPyXT,10.1016/j.ascom.2019.04.001,,False,,0,0,0,,,,,,,,,,,,,,PMID not found and no local snapshot grants
BEAST-Fitting/beast,10.3847/0004-637X/826/2/104,,False,,0,0,0,,,,,,,,,,,,,,PMID not found and no local snapshot grants
bluescarni/heyoka.py,10.1093/mnras/stab1032,,True,Other,1,0,1,,,,,,,,,Other,,,,,OK
bluescarni/heyoka,10.1093/mnras/stab1032,,True,Other,1,0,1,,,,,,,,,Other,,,,,OK
BrownDwarf/gollum,10.21105/joss.06601,,True,Other; NSF,6,1,5,1910969,,University of Texas at Austin,,NSF,USD:345403,345403.0,University of Texas at Austin,Other; NSF,USD:816823,816823.0,2019-09-01 00:00:00,2024-08-31 00:00:00,OK
cbyrohl/scida,10.21105/joss.06064,,True,Other,2,2,0,2441/1-1; NE 2441/1-1,,,,Other,,,,Other,,,,,OK
cescalara/hierarchical_nu,10.3847/1538-4357/ad7fe9,,True,Other,2,0,2,,,,,,,,Technische Universität München (TUM),Other,EUR:3078367,,2017-01-01 00:00:00,2017-12-31 00:00:00,OK
cescalara/minieuso_cpu,10.1117/1.JATIS.5.4.044009,,False,,0,0,0,,,,,,,,,,,,,,PMID not found and no local snapshot grants
chianti-atomic/ChiantiPy,10.1088/0004-637X/744/2/99,,False,,0,0,0,,,,,,,,,,,,,,PMID not found and no local snapshot grants
daniel-muthukrishna/astrodash,10.3847/1538-4357/ab48f4,,False,,0,0,0,,,,,,,,,,,,,,PMID not found and no local snapshot grants
danielver02/ALPS,10.1017/S0022377818000739,,False,,0,0,0,,,,,,,,,,,,,,PMID not found and no local snapshot grants
entity-toolkit/entity,10.48550/arXiv.2511.17710,,False,,0,0,0,,,,,,,,,,,,,,PMID not found and no local snapshot grants
galacticusorg/galacticus,10.1016/j.newast.2011.07.004,,False,,0,0,0,,,,,,,,,,,,,,PMID not found and no local snapshot grants
gandalfcode/gandalf,10.1093/mnras/stx2405,,True,Other,5,1,4,ST/K00333X/1,,,,Other,,,,Other,GBP:925108,,2009-11-01 00:00:00,2013-04-29 00:00:00,OK
glass-dev/glass,10.21105/astro.2302.01942,,True,Other,2,2,0,ST/V000780/1; Consolidated Grant ST/V000780/1,,,,Other,GBP:780046,,,Other,GBP:780046,,2021-03-31 00:00:00,2024-12-31 00:00:00,OK
handley-lab/fgivenx,10.21105/joss.00849,,False,,0,0,0,,,,,,,,,,,,,,PMID not found and no local snapshot grants
henrysky/astroNN,10.1093/mnras/sty3217,,True,Other,3,0,3,,,,,,,,,Other,,,,,OK
hombit/freddi,10.1093/mnras/stx768,,True,Other,1,0,1,,,,,,,,,Other,,,,,OK
hpparvi/ldtk,10.1093/mnras/st,,False,,0,0,0,,,,,,,,,,,,,,PMID not found and no local snapshot grants
htjb/globalemu,10.1093/mnras/stab2737,,True,Other,3,2,1,G100521; 2276969,,,,Other,,,,Other,GBP:514590,,2019-09-30 00:00:00,2023-09-29 00:00:00,OK
icecube/pisa,10.1016/j.nima.2020.164332,,True,Other,2,0,2,,,,,,,,,Other,,,,,OK
IftachSadeh/ANNZ,10.1017/S1743921314010849,,False,,0,0,0,,,,,,,,,,,,,,PMID not found and no local snapshot grants
igmhub/picca,10.1088/1475-7516/2020/07/035,,True,Other,3,2,1,ST/N003853/1; ST/R000476/,,,,Other,GBP:491529,,,Other,GBP:1800342,,2016-10-09 00:00:00,2022-03-30 00:00:00,OK
jobovy/apogee,10.1017/S174392131601173X,,False,,0,0,0,,,,,,,,,,,,,,PMID not found and no local snapshot grants
jobovy/mwdust,10.3847/0004-637X/818/2/130,,False,,0,0,0,,,,,,,,,,,,,,PMID not found and no local snapshot grants
kyleaoman/martini,10.21105/joss.06860,,True,Other,4,0,4,,,,,,,,,Other,GBP:4751734,,2020-03-31 00:00:00,2024-03-31 00:00:00,OK
ladsantos/p-winds,10.1051/0004-6361/202142038,,True,Other,4,1,3,Horizon 2020,,,,Other,,,University of Geneva; UNIVERSITEIT LEIDEN,Other,EUR:5499387,,2017-06-01 00:00:00,2027-02-28 00:00:00,OK
legolas-project/legolas,10.3847/1538-4365/abc5c4,,False,,0,0,0,,,,,,,,,,,,,,PMID not found and no local snapshot grants
lenstronomy/lenstronomy,10.21105/joss.03283,,True,NSF; Other,7,0,7,,,,,,,,,NSF; Other,,,,,OK
lgrcia/prose,10.1093/mnras/stab3113,,True,Other,1,0,1,,,,,,,,,Other,,,,,OK
lpsinger/ligo.skymap,10.1126/science.aap9455,29038373,True,NSF; Other,18,0,18,,,,,,,,University of Chicago; University of Wisconsin-Milwaukee; California Institute of Technology,NSF; Other,GBP:8935273; USD:6148815,6148815.0,2000-07-15 00:00:00,2022-03-29 00:00:00,Not in NIH RePORTER (non-NIH funder via local snapshot)
Magritte-code/Magritte,10.1016/j.ascom.2024.100889,,True,Other,5,4,1,1166722N; 1253223N; G099720N; C16/17/007,,FWO,,Other,,,FWO,Other,,,2020-01-01 00:00:00,2025-10-31 00:00:00,OK
manodeep/Corrfunc,10.1093/mnras/stz3157,,True,Other,3,0,3,,,,,,,,The University of Melbourne; The Australian National University,Other,AUD:35282223,,2011-01-01 00:00:00,2024-12-31 00:00:00,OK
mattyowl/RSSMOSPipeline,10.1088/1538-3873/adb454,,True,Other,1,1,0,DGE-2233066,,,,Other,,,,Other,,,,,OK
MESAHub/mesa,10.1063/1.3573690,,False,,0,0,0,,,,,,,,,,,,,,PMID not found and no local snapshot grants
MilanStaffehl/TNG-Cluster-paper,10.1051/0004-6361/202554373,,False,,0,0,0,,,,,,,,,,,,,,PMID not found and no local snapshot grants
minaskar/pocomc,10.1093/mnras/stac2272,,True,Other,3,1,2,ST/R000972/1,,,,Other,,,THE UNIVERSITY OF EDINBURGH,Other,EUR:1328066,,2020-09-01 00:00:00,2025-08-31 00:00:00,OK
NextGenCMB/delensalot,10.3847/1538-4357/ad2351,,True,Other,3,0,3,,,,,,,,,Other,,,,,OK
pikarpov-LANL/Sapsan,10.21105/joss.03199,,False,,0,0,0,,,,,,,,,,,,,,PMID not found and no local snapshot grants
PyFstat/PyFstat,10.21105/joss.03000,,True,Other,18,10,8,PID2019-106416GB-I00/AEI/10.13039/501100011033; RED2018-102573-E; 10.13039; PID2019; AEI/10.13039/501100011033; I00/AEI/10.13039/501100011033; PID2019-106416GB-I00; AEI/10; AEI/10.; 13039,,,,Other,,,,Other,,,,,OK
pynucastro/pynucastro,10.3847/1538-4357/acbaff,,False,,0,0,0,,,,,,,,,,,,,,PMID not found and no local snapshot grants
radis/radis,10.1016/j.jqsrt.2018.09.027,,False,,0,0,0,,,,,,,,,,,,,,PMID not found and no local snapshot grants
silburt/DeepMoon,10.1016/j.icarus.2018.06.022,,False,,0,0,0,,,,,,,,,,,,,,PMID not found and no local snapshot grants
Starfish-develop/Starfish,10.1088/0004-637X/812/2/128,,False,,0,0,0,,,,,,,,,,,,,,PMID not found and no local snapshot grants
stevengiacalone/triceratops,10.3847/1538-3881/abc6af,,False,,0,0,0,,,,,,,,,,,,,,PMID not found and no local snapshot grants
StingraySoftware/HENDRICS,10.1088/0004-637X/800/2/109,,False,,0,0,0,,,,,,,,,,,,,,PMID not found and no local snapshot grants
StingraySoftware/stingray,10.21105/joss.07389,,True,Other,1,0,1,,,,,,,,UNIVERSITA DEGLI STUDI DI MILANO,Other,EUR:172750,,2023-09-01 00:00:00,2025-08-31 00:00:00,OK
SWIFTSIM/swiftgalaxy,10.21105/joss.09278,,True,Other,3,0,3,,,,,,,,,Other,GBP:4751734,,2020-03-31 00:00:00,2024-03-31 00:00:00,OK
SWIFTSIM/swiftsimio,10.21105/joss.02430,,True,Other,9,0,9,,,,,,,,,Other,GBP:14367613,,2012-02-08 00:00:00,2021-09-29 00:00:00,OK
TeamLEGWORK/LEGWORK,10.3847/1538-4365/ac5c52,,True,Other; NSF,3,1,2,2009131,,Harvard University,,NSF,USD:415538,415538.0,Harvard University; Universiteit van Amsterdam,Other; NSF,USD:415538,415538.0,2018-06-07 00:00:00,2024-08-31 00:00:00,OK
TomHilder/wakeflow,10.21105/joss.04863,,False,,0,0,0,,,,,,,,,,,,,,PMID not found and no local snapshot grants
TomWagg/cogsworth,10.3847/1538-4365/ad8b1f,,True,Other,1,1,0,80NSSC24K0768,,,,Other,,,,Other,,,,,OK
uclchem/UCLCHEM,10.48550/arXiv.2606.20265,,False,,0,0,0,,,,,,,,,,,,,,PMID not found and no local snapshot grants
xpsi-group/xpsi,10.21105/joss.04977,,False,,0,0,0,,,,,,,,,,,,,,PMID not found and no local snapshot grants
yt-project/yt,10.1088/0067-0049/192/1/9,,False,,0,0,0,,,,,,,,,,,,,,PMID not found and no local snapshot grants
ytree-project/ytree,10.21105/joss.01881,,True,Other; NSF,2,0,2,,,,,,,,"University of Illinois at Urbana-Champaign, National Center for Supercomputing Applications",Other; NSF,USD:1500000,1500000.0,,,OK
Yu-Yang-Li/StarWhisper,10.1038/s44172-025-00520-4,41198859,True,Other,10,9,1,12090041; NSFC-11988101; 2019YFA0405000; XDB41000000; 11988101; 12090040; 11903054; 2019YFA0405504; XDB0550100,,,,Other,,,中国科学院国家天文台,Other,CNY:3200000,,2019-01-01 00:00:00,2024-12-31 00:00:00,Not in NIH RePORTER (non-NIH funder via local snapshot)
zblz/naima,10.22323/1.236.0922,,True,Other,1,1,0,ST/N002881/1,,,,Other,,,,Other,,,,,OK
acmsigsoft/EmpiricalStandards,10.48550/ARXIV.2010.03525,,False,,0,0,0,,,,,,,,,,,,,,PMID not found and no local snapshot grants
Cambridge-ICCS/green-ci,10.1007/978-981-97-0989-2_17,,False,,0,0,0,,,,,,,,,,,,,,PMID not found and no local snapshot grants
churchlab/millstone,10.1186/s13059-017-1223-1,28545559,True,NIH; Other,4,2,2,DE-FG02; DE-FG02-02ER63445,,,,Other,,,HARVARD UNIVERSITY; PRESIDENT AND FELLOWS OF HARVARD COLLEGE,NIGMS; Other,USD:22629264,22629264.0,1989-07-01T00:00:00,2024-06-30T00:00:00,OK
dependable-ai/nn-dependability-kit,10.1109/iccad45719.2019.8942153,,False,,0,0,0,,,,,,,,,,,,,,PMID not found and no local snapshot grants
emsejournal/openscience,10.1007/s10664-019-09712-x,,False,,0,0,0,,,,,,,,,,,,,,PMID not found and no local snapshot grants
softvis-research/Getaviz,10.1109/VISSOFT.2017.12,,False,,0,0,0,,,,,,,,,,,,,,PMID not found and no local snapshot grants
amineHorseman/facial-expression-recognition-using-cnn,10.5370/JEET.2018.13.1.485,,False,,0,0,0,,,,,,,,,,,,,,PMID not found and no local snapshot grants
bgshih/aster,10.1109/TPAMI.2018.2848939,,False,,0,0,0,,,,,,,,,,,,,,PMID not found and no local snapshot grants
bgshih/crnn,10.1109/TPAMI.2016.2646371,,False,,0,0,0,,,,,,,,,,,,,,PMID not found and no local snapshot grants
Canjie-Luo/Text-Image-Augmentation,10.1109/CVPR42600.2020.01376,,False,,0,0,0,,,,,,,,,,,,,,PMID not found and no local snapshot grants
clovaai/synthtiger,10.1007/978-3-030-86337-1_8,,False,,0,0,0,,,,,,,,,,,,,,PMID not found and no local snapshot grants
cuguilke/microexpnet,10.1109/ipta.2019.8936114,,False,,0,0,0,,,,,,,,,,,,,,PMID not found and no local snapshot grants
DevashishPrasad/CascadeTabNet,10.1109/CVPRW50498.2020.00294,,False,,0,0,0,,,,,,,,,,,,,,PMID not found and no local snapshot grants
dstndstn/astrometry.net,10.1088/0004-6256/139/5/1782,,False,,0,0,0,,,,,,,,,,,,,,PMID not found and no local snapshot grants
facebookresearch/mvit,10.1109/CVPR52688.2022.00476,,False,,0,0,0,,,,,,,,,,,,,,PMID not found and no local snapshot grants
gcr/torch-residual-networks,10.1109/CVPR.2016.90,,False,,0,0,0,,,,,,,,,,,,,,PMID not found and no local snapshot grants
GitYCC/crnn-pytorch,10.1109/TPAMI.2016.2646371,,False,,0,0,0,,,,,,,,,,,,,,PMID not found and no local snapshot grants
glemaitre/protoclass,10.1007/978-3-642-14078-5_7,,False,,0,0,0,,,,,,,,,,,,,,PMID not found and no local snapshot grants
haimeh/finFindR,10.1111/mms.12849,,False,,0,0,0,,,,,,,,,,,,,,PMID not found and no local snapshot grants
hbilen/dynamic-image-nets,10.1109/CVPR.2016.331,,False,,0,0,0,,,,,,,,,,,,,,PMID not found and no local snapshot grants
hukenovs/hagrid,10.1109/WACV57701.2024.00451,,False,,0,0,0,,,,,,,,,,,,,,PMID not found and no local snapshot grants
jac99/MinkLocMultimodal,10.1109/IJCNN52387.2021.9533373,,False,,0,0,0,,,,,,,,,,,,,,PMID not found and no local snapshot grants
JDAI-CV/DCL,10.1109/CVPR.2019.00530,,False,,0,0,0,,,,,,,,,,,,,,PMID not found and no local snapshot grants
KaimingHe/deep-residual-networks,10.1109/CVPR.2016.90,,False,,0,0,0,,,,,,,,,,,,,,PMID not found and no local snapshot grants
ksk0629/quanvolutional_neural_network,10.1007/s42484-020-00012-y,,False,,0,0,0,,,,,,,,,,,,,,PMID not found and no local snapshot grants
Lu-Feng/CricaVPR,10.1109/CVPR52733.2024.01587,,False,,0,0,0,,,,,,,,,,,,,,PMID not found and no local snapshot grants
MarcoForte/closed-form-matting,10.1109/TPAMI.2007.1177,,False,,0,0,0,,,,,,,,,,,,,,PMID not found and no local snapshot grants
M-Nauta/ProtoTree,10.1109/CVPR46437.2021.01469,,False,,0,0,0,,,,,,,,,,,,,,PMID not found and no local snapshot grants
MSA-LMC/S2D,10.1109/TAFFC.2024.3453443,,False,,0,0,0,,,,,,,,,,,,,,PMID not found and no local snapshot grants
Peacecake/HoloMu,10.1145/3024969.3025094,,False,,0,0,0,,,,,,,,,,,,,,PMID not found and no local snapshot grants
PetervanLunteren/AddaxAI,10.24072/pcjournal.565,,False,,0,0,0,,,,,,,,,,,,,,PMID not found and no local snapshot grants
Psarpei/Multi-Type-TD-TSR,10.1007/978-3-030-87626-5_8,,False,,0,0,0,,,,,,,,,,,,,,PMID not found and no local snapshot grants
researchmm/tasn,10.1109/CVPR.2019.00515,,False,,0,0,0,,,,,,,,,,,,,,PMID not found and no local snapshot grants
seungwonpark/RandWireNN,10.1109/ICCV.2019.00137,,False,,0,0,0,,,,,,,,,,,,,,PMID not found and no local snapshot grants
Skuldur/facenet-face-recognition,10.1109/cvpr.2015.7298682,,False,,0,0,0,,,,,,,,,,,,,,PMID not found and no local snapshot grants
forefireAPI/forefire,10.21105/joss.08680,,True,Other,1,0,1,,,,,,,,Institut national de recherche en informatique et en automatique,Other,EUR:441760,,2017-01-01 00:00:00,,OK
gempy-project/gempy,10.5194/gmd-12-1-2019,,False,,0,0,0,,,,,,,,,,,,,,PMID not found and no local snapshot grants
geocompx/geocompr,10.1177/2399808320945456,,False,,0,0,0,,,,,,,,,,,,,,PMID not found and no local snapshot grants
google/OpenSK,10.1007/978-3-031-41181-6_26,,False,,0,0,0,,,,,,,,,,,,,,PMID not found and no local snapshot grants
GRTLCollaboration/GRChombo,10.21105/joss.03703,,True,Other,41,0,41,,,,,,,,"QUEEN MARY UNIVERSITY OF LONDON; THE CHANCELLOR, MASTERS AND SCHOLARS OF THE UNIVERSITY OF OXFORD",Other,GBP:22302238; EUR:4147891,,2009-11-01 00:00:00,2022-09-29 00:00:00,OK
luhipi/sarvey,10.1016/j.envsoft.2026.107004,,False,,0,0,0,,,,,,,,,,,,,,PMID not found and no local snapshot grants
MassimoCimmino/pygfunction,10.22488/okstate.22.000015,,False,,0,0,0,,,,,,,,,,,,,,PMID not found and no local snapshot grants
networkit/networkit,10.1017/nws.2016.20,,True,Other,1,1,0,SPP 1736,,,,Other,,,,Other,,,,,OK
NREL/OpenOA,10.21105/joss.02171,,True,Other,5,5,0,Contract No. DE-AC36-08GO28308; No. DE-AC36-08GO28308; AC36-08GO28308; DE-AC36-08GO28308; 08GO28308,,,,Other,,,,Other,,,,,OK
OntoUML/ontouml-models,10.1016/j.datak.2023.102210,,True,Other,5,0,5,,,,,,,,Institut National de Recherche en Santé Publique,Other,EUR:55073831,,2019-01-01 00:00:00,2024-08-31 00:00:00,OK
PCMDI/pcmdi_metrics,10.5194/gmd-17-3919-2024,,True,Other; NSF,14,6,8,IA 1947282; DE-SC0022070; DE340AC02-05CH11231; 1852977; AC52-07NA27344; 05CH11231,,,,Other,,,Japan Agency for Marine-Earth Science and Technology; National Center for Atmospheric Research; Laboratoire d'Océanographie et du Climat : Expérimentations et Approches Numériques; CENTRE NATIONAL DE LA RECHERCHE SCIENTIFIQUE CNRS,Other; NSF,EUR:11043440; USD:7994096,7994096.0,2016-06-01 00:00:00,2028-09-30 00:00:00,OK
PyPO-dev/PyPO,10.21105/joss.05478,,True,Other,1,0,1,,,,,,,,TECHNISCHE UNIVERSITEIT DELFT,Other,EUR:2993579,,2022-09-01 00:00:00,2027-08-31 00:00:00,OK
Qiskit/qiskit,10.48550/arXiv.2405.08810,,False,,0,0,0,,,,,,,,,,,,,,PMID not found and no local snapshot grants
SciML/SciMLTutorials.jl,10.5334/jors.151,,False,,0,0,0,,,,,,,,,,,,,,PMID not found and no local snapshot grants
Slicer/Slicer,10.1016/j.mri.2012.05.001,22770690,True,NIH,14,3,11,5U54EB005149-09; 8P41EB015902-15; P41RR13218,U54EB005149; P41EB015902,BRIGHAM AND WOMEN'S HOSPITAL,MA,NIBIB; NIH,USD:4867748,4867748.0,BRIGHAM AND WOMEN'S HOSPITAL; OREGON HEALTH & SCIENCE UNIVERSITY; MASSACHUSETTS GENERAL HOSPITAL; UNIVERSITY OF IOWA,NIBIB; NCRR; NCI; NLM; NIH,USD:11619824,11619824.0,1998-09-30T00:00:00,2023-09-18T00:00:00,OK
stanford-crfm/helm,10.1111/nyas.15007,37230490,False,,0,0,0,,,,,,,,,,,,,,Not in NIH RePORTER
UM-PEPL/HallThruster.jl,10.21105/joss.04672,,True,Other,2,2,0,FA9550-19-1-0022; FA9550-,,,,Other,,,,Other,,,,,OK
USACE-RMC/Numerics,10.21105/joss.10540,,False,,0,0,0,,,,,,,,,,,,,,PMID not found and no local snapshot grants
VILLASframework/node,10.21105/joss.08401,,False,,0,0,0,,,,,,,,,,,,,,PMID not found and no local snapshot grants
willisbillis/MAPseq,10.1016/j.neuron.2016.08.029,27608754,True,Other,1,0,1,,,,,,,,,Other,,,,,Not in NIH RePORTER (non-NIH funder via local snapshot)
wouterpeere/GHEtool,10.21105/joss.04406,,False,,0,0,0,,,,,,,,,,,,,,PMID not found and no local snapshot grants
zackbatist/open-archaeo,10.5334/joad.111,,False,,0,0,0,,,,,,,,,,,,,,PMID not found and no local snapshot grants
bcgsc/btllib,10.21105/joss.04720,,True,Other,2,2,0,281ANV; PJT-183608,,,,Other,,,,Other,,,,,OK
gnames/gnparser,10.1186/s12859-017-1663-3,28549446,True,NSF; Other,2,0,2,,,,,,,,Marine Biological Laboratory,NSF; Other,USD:410293,410293.0,2014-08-01 00:00:00,2016-07-31 00:00:00,Not in NIH RePORTER (non-NIH funder via local snapshot)
GooglingTheCancerGenome/sv-callers,10.7717/peerj.8214,31934500,True,Other,2,0,2,,,,,,,,,Other,,,,,Not in NIH RePORTER (non-NIH funder via local snapshot)
hiddeoff/crisprzip,10.1101/2025.12.12.691775,,False,,0,0,0,,,,,,,,,,,,,,PMID not found and no local snapshot grants
histolab/histolab,10.1016/j.softx.2022.101237,,False,,0,0,0,,,,,,,,,,,,,,PMID not found and no local snapshot grants
inutano/chip-atlas,10.15252/embr.201846255,30413482,True,Other,7,4,3,26291051; 25840087; 16H06530; 18KT0024,,Kyushu University,,Other,JPY:21060000,,Kyushu University,Other,JPY:67600000,,2013-04-01 00:00:00,2021-03-31 00:00:00,Not in NIH RePORTER (non-NIH funder via local snapshot)
ncsa/NEAT,10.21105/joss.09056,,False,,0,0,0,,,,,,,,,,,,,,PMID not found and no local snapshot grants
aymgal/COOLEST,10.21105/joss.05567,,True,Other,2,0,2,,,,,,,,ECOLE POLYTECHNIQUE FEDERALE DE LAUSANNE,Other,EUR:3129689,,2018-10-01 00:00:00,2023-09-30 00:00:00,OK
graphnet-team/graphnet,10.1016/j.neuroimage.2012.12.062,23298747,False,,0,0,0,,,,,,,,,,,,,,Not in NIH RePORTER
karllark/dust_extinction,10.21105/joss.07023,,False,,0,0,0,,,,,,,,,,,,,,PMID not found and no local snapshot grants
caltechlibrary/handprint,10.22002/20207,42062444,False,,0,0,0,,,,,,,,,,,,,,Not in NIH RePORTER
